driverId,name,ssn,location,certified,wage-plan
10,Mary Hill,483-94-2767,"87971 Michelle Flats
Brittanyfurt, LA 96719",N,hours
11,Monica Galvan,344-74-9901,"8974 Wise Station
Shawfort, SC 29098",N,hours
12,Stephanie Sparks,663-92-4559,"USNV Reynolds
FPO AA 88023",N,miles
13,Sabrina Burnett,753-69-0104,"826 Edward Freeway
New Sarah, TX 52171",Y,miles
14,Nicholas Fowler,380-04-7290,"22410 Ross View Suite 222
Port Robertfort, FL 73444",N,hours
15,Kimberly Evans,550-47-4800,"4819 Caitlin Branch
Lopezfurt, DE 77410",Y,hours
16,Omar Parks,786-26-2656,"Unit 5555 Box 6178
DPO AE 69984",Y,miles
17,Jesse Coleman,839-27-9676,"6734 Thomas Path Apt. 864
Stephaniefort, MI 31317",Y,miles
18,Colleen Clay,423-49-6406,"170 Ramirez Mountain Suite 461
Lake Troy, MT 91707",Y,miles
19,Ronald Martin,262-80-4781,"PSC 9354, Box 2544
APO AP 83045",Y,miles
20,Christine Snyder,617-94-7564,"5295 Cobb Throughway
South Nicolefurt, LA 41385",Y,miles
21,Brian Johnson,258-13-8875,"00302 Conner River Suite 477
East Casey, KY 02208",Y,miles
22,Jillian Baker,626-47-9333,"45786 Lisa Road
South Jasonville, AR 54356",N,miles
23,Eileen Young MD,103-72-2332,"8211 Espinoza Parkways
Silvaburgh, UT 91167",Y,hours
24,Katie Villarreal,009-16-9776,"USNS Cummings
FPO AP 76175",Y,hours
25,Alexis Lawrence,371-11-1114,"USNV Horton
FPO AA 92895",Y,hours
26,Courtney Thomas,368-68-6216,"8103 Gonzales Ridge
Kevinbury, TN 17681",Y,hours
27,David Hoffman,632-70-5490,"781 Chaney Mill
Josephmouth, WY 10429",Y,miles
28,William Mcguire,548-48-2489,"62050 Erica Meadows Apt. 211
New David, UT 30093",N,hours
29,Randall Johnson,112-88-2380,"99826 Richard Burgs
West Michelle, WY 61345",N,miles
30,Deborah Griffith,615-91-8796,"Unit 2893 Box 2992
DPO AA 48647",N,hours
31,Thomas Holt,491-34-2933,"PSC 1280, Box 1981
APO AE 70315",Y,hours
32,Richard Miller,079-87-9132,"PSC 9795, Box 0992
APO AP 55264",N,hours
33,Elizabeth Jones,529-40-8378,"2111 Boyer Glen Suite 734
Farmerport, MP 01868",Y,hours
34,Danielle Hicks,235-98-3466,"8076 Daniel Key
West Hannahtown, RI 17410",N,hours
35,Elizabeth Mayo,662-30-8425,"248 Patrick Plain
Port Thomaston, AL 90672",Y,miles
36,Elizabeth White,281-43-9793,"7243 Michael Mountain
Crosshaven, WY 97166",N,miles
37,Jacob Johnson,183-10-4747,"279 Lee Light Suite 225
West Carla, IA 95854",Y,hours
38,Rachel Haynes,733-89-5629,"667 Bradley Fall Apt. 496
Georgefort, IL 84209",Y,hours
39,Michael Christensen,677-49-3611,"484 Kenneth Dale
Griffinbury, IL 12476",Y,miles
40,Travis Smith,346-37-2749,"PSC 1764, Box 1820
APO AE 28198",Y,hours
41,Cheryl Spence,291-45-4532,"3054 Horne Course
Port Jodi, OR 68868",Y,hours
42,Ethan Mclaughlin,389-36-2136,"PSC 9370, Box 1816
APO AA 26679",Y,hours
43,Dr. Kathleen Brewer,503-54-0462,"464 Diane Isle
Port Gerald, NH 68980",N,hours
44,Gregory Jones,310-05-6256,"33232 Julie Cove Apt. 784
North Jonathanmouth, AZ 61022",N,miles
45,Ronnie Byrd,036-93-3451,"620 Wayne Streets
West Diane, MP 46007",Y,miles
46,Derrick Case,676-73-3896,"282 Patrick Valley Apt. 696
Port Danieltown, IN 87730",Y,miles
47,Sean Vargas,224-94-4764,"Unit 0482 Box 0638
DPO AP 86453",Y,miles
48,Kevin Cruz,653-31-8661,"258 Wilson View Suite 213
Floresbury, KS 89143",Y,miles
49,Timothy Reese,249-55-5075,"34003 Cindy Radial Suite 063
Julieshire, WA 07957",Y,miles
50,Kendra Chung,683-90-0090,"234 Williams Lakes
Lake Karen, ID 82270",Y,miles
51,Casey Schaefer,620-35-8412,"Unit 0907 Box 0418
DPO AE 69949",Y,miles
52,Amy Davis,285-30-2014,"PSC 3504, Box 4739
APO AP 80003",N,miles
53,Brian Foster,063-42-4490,"3381 Jose Fort
Mackside, AZ 13731",N,hours
54,Bailey Harris,614-26-2780,"752 Burch Freeway
Jennifertown, ME 61280",N,miles
55,Todd Roberts,229-83-5494,"9692 Kenneth Prairie Suite 854
Howellton, MS 36300",Y,miles
56,Hailey Woods,507-04-5402,"7258 Rowland Squares
Jessechester, CO 89541",Y,hours
57,Frank Jordan,864-60-2930,"PSC 4036, Box 5711
APO AA 81955",N,hours
58,Amanda Johnson,808-57-5516,"1603 Kent Street Apt. 794
Danielmouth, TX 78128",N,hours
59,Brett Thomas,710-53-1336,"598 Dawn Oval Apt. 793
Carlsonville, GA 90895",Y,miles
60,Sarah Fisher,169-02-6251,"PSC 6796, Box 9318
APO AA 18807",Y,hours
61,Kayla Davis,465-03-0565,"569 Stone Drive
Lake Amy, AL 32464",N,miles
62,Michael Warren,371-65-0306,"215 Caldwell Street Apt. 007
Lisastad, NM 07687",Y,hours
63,Tanya Farrell,488-31-6817,"44131 Cassandra Alley Apt. 592
Port Erik, MS 90470",Y,hours
64,Charles Shea,280-85-4387,"5138 Porter Course
East Erinfort, SC 45798",N,hours
65,Carrie Edwards,376-51-2810,"2389 Harris Tunnel Apt. 132
North Jeffreyton, MS 35743",Y,miles
66,John Johnston,174-04-1813,"192 Brooks Avenue Suite 361
Franklinbury, NE 56603",Y,miles
67,Ryan Clark,573-19-3820,"2690 Arthur Manor Suite 410
South Marcus, MH 70046",N,miles
68,Dana Oliver,648-80-6727,"USNV Calderon
FPO AE 81141",N,miles
69,Eric Hoffman,404-89-5447,"223 Scott Shoals
Dianaview, LA 78525",N,hours
70,Victoria Daugherty,435-97-5514,"94306 Dakota Port
East Caitlinview, IA 62524",Y,miles
71,Julian Williamson,681-95-4882,"9148 Adams Ridge Apt. 608
Tinahaven, WA 56354",N,miles
72,Brandon Davidson,357-09-0726,"586 Carpenter Underpass
Port Christopher, CT 51471",Y,hours
73,Brandon Whitney,700-17-6565,"3838 Catherine Lakes Apt. 402
South Donnastad, SD 26638",Y,hours
74,Jason Snyder,812-62-0117,"883 Garcia Common
Esparzamouth, PA 64858",Y,hours
75,Kimberly Mack,134-79-5719,"PSC 8106, Box 7868
APO AP 02984",N,miles
76,Victoria Paul,176-17-9636,"85439 Castro Drive Suite 910
Matthewchester, MP 84232",N,miles
77,Daniel Tran,012-86-8037,"945 Donaldson Underpass
New Danielside, OK 26469",Y,hours
78,Kristin Young,129-86-8968,"013 Moore Row Suite 360
Meganberg, CO 50935",Y,miles
79,Ivan Rivera,707-74-2392,"42405 Andrea Estates Apt. 892
Roberthaven, IL 01814",N,miles
80,Richard Griffin,267-59-2098,"547 Peter Oval
East Diane, MD 27633",Y,miles
81,Dale Franklin,255-81-0020,"177 Manuel Ridges Apt. 071
West Stacey, CT 56977",N,hours
82,Michael Fowler,484-34-6770,"571 Rachel Circle Suite 460
South Andrea, KY 16535",Y,miles
83,Dawn Wells,245-16-0790,"30545 Stacey Islands Suite 235
North Aprilville, MD 78412",N,hours
84,Brandon Booker,620-50-6188,"65426 Kayla Cove
Port Christianborough, ME 63793",N,hours
85,Amanda Chavez,136-75-0022,"89334 Vanessa Light
East Bobby, MN 17389",Y,hours
86,Patty Frazier,157-02-1781,"869 Cameron Meadow
South Brooke, NV 72500",Y,hours
87,Larry Nelson,048-91-9657,"733 James Plaza Suite 589
Burkeview, KS 74096",N,miles
88,Dylan Chavez,414-36-1640,"0076 Price Crossroad
Lake Austin, OR 64071",N,miles
89,David Fleming,662-58-1643,"289 Russell Pike
Port Jason, IA 51971",N,hours
90,Tina Reid,207-38-0535,"4937 Madison Views
Wendyborough, NY 27089",Y,hours
91,Elizabeth Chapman,554-31-7513,"5652 Johnson Hill Suite 232
Ashleyton, WI 78052",N,hours
92,Danielle Williams,368-75-9690,"2147 Andrea Streets Suite 994
East Josephville, HI 16147",N,hours
93,Ashley Tate,319-21-5002,"686 Jeffrey Mountain
Matthewside, RI 75939",N,miles
94,Matthew Wong,569-57-2366,"6796 Richard Roads Apt. 359
West Laurafort, WV 30960",N,miles
95,Tina Johnson,104-75-0836,"164 Sullivan Fork
East Jamesburgh, FM 04995",N,hours
96,Valerie Chavez,859-55-0156,"2393 Margaret Unions Apt. 751
West Carol, MI 84530",Y,miles
97,Ashley Mckenzie,200-16-3486,"887 James Oval Apt. 234
Catherineville, MS 97817",Y,miles
98,Kristy Burnett,248-32-5076,"68892 Higgins Views Suite 712
Lake Randymouth, TN 42232",N,hours
99,Justin Hudson,615-15-9594,"06667 Willie Crossing Suite 374
New Michaelstad, NC 85214",Y,hours
100,Michael Rhodes,190-10-9114,"52984 Randy Highway Apt. 998
North Troybury, WI 76182",N,hours
101,Timothy Frye,720-37-5861,"3475 Coleman Garden Suite 243
Mariaborough, DE 50394",N,hours
102,Erika Guerrero,363-61-4815,"25524 Garrett Manors Suite 296
West Jessica, MN 13890",N,miles
103,Robin Wood,462-23-9361,"15615 Heather Branch Suite 905
Port Thomasville, MS 62102",Y,hours
104,Nicole Mayer,293-77-5806,"47895 Dean Ridges
Stokesstad, WV 66954",Y,hours
105,Cody Martinez,398-82-6338,"392 William Corner Suite 634
New Amber, PR 89460",Y,hours
106,Diana Brown,263-50-1036,"13183 David Via
East Melissabury, NM 21442",Y,hours
107,Rebecca Stevens,178-26-5478,"7802 Maddox Track
Josephville, VI 52803",N,hours
108,Felicia Smith,688-74-2772,"5166 Hayes Track
Saraside, UT 08653",Y,hours
109,Christopher Rodriguez,748-37-6231,"6182 Simmons Mall
New Robin, AL 40578",Y,hours
110,Brandon Lee,426-53-8228,"45323 Caroline Squares
Port Andrew, AK 07251",N,hours
111,Sheila Peters,070-23-4545,"4655 Hill Ford Suite 043
North Eric, WA 19508",Y,miles
112,Michael Hunter,305-96-9523,"4873 Cynthia View Apt. 178
Port Amy, NY 06066",N,hours
113,Dr. Jeremy Allen,223-42-6957,"5984 Amanda Valley
Danielland, NC 86708",Y,miles
114,Ricky Terry,642-51-8028,"3886 Romero Lane
Tiffanychester, VT 81567",Y,hours
115,April Morris,100-31-4441,"3720 Rivas Mall Apt. 606
Molinafurt, NM 88620",Y,miles
116,Scott Hammond DVM,402-96-9263,"615 Willie Wells
Thomaston, DE 70901",N,hours
117,Nicole Moore,022-32-5526,"USCGC Moreno
FPO AP 77886",N,hours
118,Karen Sanchez,062-95-5631,"7493 Holder Motorway
Thomastown, WV 02349",Y,miles
119,Paul Gregory,297-80-5463,"89681 Lopez Square Suite 109
Nashport, IN 29770",N,miles
120,Emily Mcdonald,327-78-0303,"31862 Taylor Alley Suite 218
Clarkmouth, FL 43346",Y,hours
121,Tanner Smith,562-60-2027,"28705 Stout Corner Suite 843
North Gregory, MS 52873",N,hours
122,Randy Gill,660-43-7528,"44577 Brooks Pine Suite 107
Amyfurt, GA 60791",Y,hours
123,Roger Vega,362-77-9603,"Unit 9302 Box 7871
DPO AA 38177",Y,miles
124,Christina Valentine,128-17-3423,"516 Aguilar Highway Suite 011
Robinsonview, MP 34416",Y,hours
125,Matthew Gomez,629-95-9375,"34871 Juarez Forks Apt. 591
South Patriciaton, MO 60453",Y,hours
126,Maria Brown,284-73-4125,"504 Huff Summit
West Kristen, WY 32948",Y,miles
127,Sharon Hogan,139-37-8345,"4677 Garcia Bridge Suite 889
Jackiemouth, SC 77745",Y,miles
128,Kayla Perkins,167-44-8366,"707 Harold Mission Apt. 695
Lake Josephhaven, AK 04025",Y,miles
129,Peggy Clark,513-08-7621,"53550 Mark Union
Hannahton, NJ 51221",Y,miles
130,Teresa Bryan,351-15-4169,"003 Noah Inlet Suite 624
Kellyshire, MH 68430",Y,miles
131,John Lee,107-66-1895,"3972 Arthur Camp
Saramouth, ME 74295",N,miles
132,Nicole Gibbs,822-65-9433,"697 Pamela Loop
Andrewshire, CA 63234",N,miles
133,Amanda Brown,126-36-8528,"6127 Taylor Ridges
Port Robinhaven, DC 47668",N,hours
134,Sara Hinton,456-22-7205,"97961 Peters Ridges
New Jenna, VI 91813",Y,miles
135,Chad Daniels,468-71-3481,"6194 Kelly Path
Morganmouth, MH 49523",Y,miles
136,Rodney Johnson,850-17-6095,"60529 Denise Mills
Thomasville, RI 74770",Y,hours
137,Ashley Long,617-85-4501,"0254 Harris Crescent Apt. 118
Lambland, TN 60996",Y,hours
138,Michelle Barton MD,362-44-7214,"79301 Angel Loaf
Kirstenshire, VI 41471",N,hours
139,Austin Bowman,117-52-7584,"432 Lambert Extensions
Williamstown, CT 32386",Y,miles
140,Samuel Anderson,648-09-9007,"09779 Clark Islands
New Guy, MO 70380",Y,miles
141,Kelly Mitchell,179-33-0115,"436 Martinez Ports
Josephfort, AL 19106",Y,hours
142,Ruben Hoover,293-46-6889,"691 Kathryn Pike
Alvaradoview, WY 10982",N,hours
143,David Howard,529-72-1443,"770 Terri Oval Apt. 535
North Elizabethside, MP 32699",N,miles
144,Joy Castillo,527-03-2198,"97024 Eric Mews Apt. 219
New Marissachester, HI 25990",N,hours
145,Michael Mcclain,470-63-7661,"7459 Cole Hill Apt. 880
Joshuafurt, KS 96913",Y,hours
146,Justin Rogers,652-51-2497,"2681 Amanda Junctions
Marissamouth, NM 46361",N,miles
147,Denise Abbott,497-55-0621,"73788 Fisher Field
Davidhaven, PR 25836",Y,hours
148,Kathleen Chavez,577-56-0300,"81963 John Fall
Dianeland, NH 22946",N,hours
149,Patrick Hoffman,857-55-9416,"Unit 3293 Box 0287
DPO AE 04449",N,hours
150,Jennifer Humphrey,163-52-4802,"92963 Ashlee Crossroad Suite 982
Lake Matthewmouth, DE 78345",N,miles
151,Kyle Myers,469-44-8198,"15653 Martin Trail Apt. 359
Nicholasshire, PW 80857",N,miles
152,Joan Walters,482-46-5594,"319 David Ways
Ryanport, FM 78803",N,miles
153,Dana Rivera,838-83-0604,"631 Robin Vista
New Gail, OR 92136",Y,miles
154,Dawn Goodman,893-74-2658,"256 Kathleen Vista
Karenville, FL 88027",Y,miles
155,Jeremy Hawkins,610-49-1242,"91112 Stephen Shore
Julieville, AZ 31816",Y,hours
156,Sonya Ramos,668-64-2967,"44073 James Greens Apt. 765
New Sarahview, VI 15272",Y,hours
157,David Davis,186-93-6154,"27396 Linda Road
Lake James, FM 07812",Y,hours
158,Danny Thomas,633-65-9922,"0382 Johnathan Rapid
Dawsonview, OK 94108",N,miles
159,Madison Martinez,351-53-5447,"62867 Juan Dam Apt. 767
East Adamchester, AZ 18267",Y,miles
160,Tiffany Carr,828-58-5224,"266 Ruiz Pines Suite 143
Alexismouth, CO 52002",Y,miles
161,David Stevenson,838-34-0903,"179 Reese Turnpike Apt. 149
West Jacquelineside, WA 50139",Y,miles
162,Carrie Lewis,475-11-8935,"2386 Bautista Walks Suite 944
North Claudia, NM 79063",Y,hours
163,Bryan Miller,232-16-9992,"USS Miller
FPO AP 88172",N,miles
164,Kenneth Lopez,748-40-2924,"4041 Howard Throughway
Port Alexandra, KS 41623",N,miles
165,Russell Bradley,006-85-2909,"4365 Daniel Circle
New Richardberg, OH 66563",N,hours
166,Sandra Nichols DVM,732-13-6255,"270 Lisa Burg Apt. 586
Marychester, MP 38326",Y,hours
167,David Smith,461-06-0144,"2258 Ramsey Mountains Suite 408
Conwaychester, MT 57092",N,miles
168,Johnny Bradley,172-52-0640,"81824 Nichols Fords Suite 982
East Williamtown, TN 57984",Y,hours
169,Kimberly Moore,589-34-9173,"00610 Simmons Circles Suite 487
Bushborough, PA 66423",Y,miles
170,Anthony Phelps,766-25-6660,"2213 Pearson Loop
Sheppardchester, PR 33472",Y,hours
171,Krystal Love,306-70-9349,"2866 Barber Falls Apt. 411
Millsview, VA 53842",Y,hours
172,Jenna Park,206-33-4618,"07323 John Forge
Jameschester, VT 06469",N,hours
173,Andrew Carpenter,043-04-0067,"1957 Hunter Mountain
Reidmouth, OH 88713",N,hours
174,Lauren Williams,168-97-7112,"189 Matthew Ports
Pittmanmouth, IL 54233",Y,hours
175,Edward Edwards,835-21-7883,"USS Davis
FPO AE 84530",Y,miles
176,James Lawrence,681-09-5361,"77924 Donna Land Suite 635
North James, AK 45915",Y,hours
177,Suzanne Gonzalez,817-98-8562,"5006 Victoria Flats
Montesburgh, WY 74042",Y,hours
178,Jeanne Moore,500-14-0566,"Unit 4669 Box 2816
DPO AE 72651",Y,miles
179,Jennifer Thomas,694-08-8978,"6703 Li Station
Schmidtbury, MN 91997",Y,miles
180,Geoffrey Drake,387-64-9753,"4806 Esparza Mountain Apt. 396
Erinshire, NJ 86047",Y,miles
181,Jeffrey Barber,895-65-1120,"300 Gene Stream
Paulafurt, FM 02731",N,miles
182,Stephanie Fuentes,226-89-1592,"35473 Bailey Rapid Suite 080
Port Stephen, PR 28944",Y,hours
183,Christopher Maynard,307-37-9109,"56888 Randall Greens Apt. 767
Ellisside, TX 45098",N,hours
184,Nicole Martinez,449-34-4641,"5690 Munoz Fields
West Nicholas, MN 67956",Y,hours
185,Tiffany Williams,376-59-2977,"5354 Jacqueline Landing Apt. 530
Jenniferstad, AS 81857",Y,miles
186,Michelle Thompson,393-46-3434,"PSC 8760, Box 9820
APO AA 75357",Y,hours
187,Sheila Kelly,111-31-8362,"8073 Dickson Wells
Lake Mitchell, GA 94875",Y,miles
188,Amy Jackson,203-34-2567,"534 Williams Village
Port Eddie, NC 10691",Y,hours
189,Danielle Harrell,365-03-9836,"590 Smith Parkway Suite 325
West Christopherville, WA 51255",N,hours
190,Marc Brown,365-98-4100,"530 Christopher Wells Apt. 892
Lake Francisco, LA 63428",Y,hours
191,Jessica Meyer,184-93-5968,"6061 Gardner Lane
Jenniferstad, TN 09162",Y,hours
192,Theresa Williams,551-03-1183,"45998 Wilkins Pike Suite 015
South Shaunbury, PA 61710",Y,miles
193,Holly Peterson,238-96-4047,"07699 Bush Springs
Lake Jorgemouth, DC 87965",Y,miles
194,Thomas Morris,750-77-6935,"Unit 2984 Box 8048
DPO AE 64778",Y,miles
195,Amanda Gonzalez,788-81-4639,"019 Terry Island Apt. 202
North Frederickview, IN 32262",Y,hours
196,Kevin Sanders,555-27-5000,"74367 Myers Ridge Apt. 032
Larryhaven, AS 53248",N,hours
197,Matthew Sandoval,504-08-0407,"374 Smith Road
Jennifermouth, FM 15638",Y,hours
198,Ryan Perez,067-54-3274,"63185 Philip Village Suite 699
West Anthony, LA 44051",Y,hours
199,Christopher Williams,069-69-9315,"712 Pollard Ranch
North Cynthiaport, MA 86927",Y,miles
200,Ryan Johnson,351-13-0495,"54747 Diaz Parkways
Bryanhaven, MH 19000",Y,miles
201,Rachel Gibbs,350-44-9008,"8064 Scott Road
Port Tarahaven, ME 19188",N,miles
202,Terry Jones,326-78-4707,"1225 Reynolds Oval Suite 025
Port Jennifer, MD 62697",Y,hours
203,Richard White,623-65-5048,"024 Nelson Island Suite 599
Morenoshire, NE 01667",Y,miles
204,Cathy Ross,543-81-2196,"59912 Alexandra Roads
East Donnamouth, NM 30305",N,hours
205,Andrea Gregory,823-56-9237,"47097 Cooper Cliff Suite 944
Kathystad, KS 89016",N,hours
206,Amy Holmes,868-50-1582,"USCGC Campbell
FPO AE 57415",Y,miles
207,Pamela Brown,895-28-6794,"93121 Brown Union
Nicholaschester, AZ 77961",N,hours
208,Craig Hopkins,109-18-3186,"PSC 8725, Box 8469
APO AP 12284",N,miles
209,Mrs. Linda Garcia,539-85-1432,"798 Ayala Plaza Suite 104
New Heather, IN 25744",N,miles
210,Jay Robinson,587-66-7038,"393 Timothy Drive
West Jessicaton, SC 08231",N,hours
211,Christina Kim,385-79-3158,"216 Thomas Fort Suite 978
New Eduardo, MS 14046",N,hours
212,Dorothy Wolfe,866-08-6049,"01744 Vasquez Mountains Apt. 270
Lake Emily, MP 64270",N,hours
213,Robert Zimmerman,544-73-9832,"563 Kim Lakes Suite 082
Port Michaelside, AR 55102",N,miles
214,Melissa Cox,856-55-6788,"09625 Shaw Mall Suite 935
Daniellefort, KY 10104",N,hours
215,Alyssa Horne,041-61-9341,"9615 Hancock Crossroad Apt. 155
West Darinborough, WV 66118",N,miles
216,Cindy Johnson,185-40-8782,"9809 Gutierrez Rapids
Moraleston, OH 35516",N,hours
217,Russell Becker,154-61-2517,"42188 Stephen Stravenue Suite 196
Bonillaport, ND 72879",N,miles
218,Sean Kelley,383-15-8087,"7167 Michael Street Suite 559
West Danielburgh, NJ 26166",N,miles
219,Julie Young,735-47-5317,"98138 Ramos Lights
Port Patrick, SD 40847",Y,hours
220,John Howard,796-70-3676,"5104 Joseph Fields Apt. 303
South Tyler, AS 45138",Y,miles
221,Grant Moore,593-03-2718,"112 Ramsey Highway
North Moniquemouth, NC 90126",N,miles
222,Terry Meadows,334-52-4098,"7710 Murphy Knoll Suite 004
Brianville, AS 71387",N,miles
223,Devon Rogers,763-46-1999,"18335 Jesus Row
Lake Christopherberg, VI 91882",N,hours
224,Diane Lopez,392-68-7633,"0456 Tracy Cape Apt. 015
Port Travis, MT 69730",Y,miles
225,Jose Rose,178-95-5229,"541 Patton View Apt. 564
South Emily, DE 52965",Y,hours
226,Manuel Burke MD,469-65-3136,"09257 Bradley Rest Suite 924
Cookemouth, MN 99337",Y,miles
227,Joseph Cardenas,038-41-7973,"608 Jennings Hill
Nortontown, VT 81458",Y,miles
228,Debra Liu,289-31-7501,"67052 Freeman Union
Lake Thomas, CT 32595",N,miles
229,Joseph Mitchell,170-26-7378,"0630 Yesenia Corners
South Robert, OK 85030",Y,miles
230,Benjamin Hubbard,201-66-4400,"330 Jones Circle Apt. 875
North Donna, MD 98769",N,hours
231,Teresa Rush,404-03-0777,"642 Alexis Dale
Diazbury, ND 08869",N,hours
232,Amy George,749-22-8233,"7991 Stanley Glens Apt. 952
New Brandonbury, AK 59333",Y,hours
233,Gary Jones,483-57-5645,"6238 Mcconnell Lights Apt. 003
Jimmyside, WV 51562",Y,miles
234,Justin Torres,725-28-1879,"428 Mcbride Prairie
East Jefferyshire, OH 69961",N,miles
235,Luis Wilson,620-63-5778,"59699 Anne Shores
New Angelaside, PW 61196",N,miles
236,Dr. Kimberly Meyer DDS,154-27-8025,"80192 Andrew Prairie
Paulside, MD 14094",N,hours
237,Christopher Taylor,871-91-6972,"39687 Davis Unions Apt. 514
New Glenn, PR 65275",N,miles
238,Heather Benson,274-09-6383,"78488 Harris Circles
Leefort, MH 55178",N,miles
239,Jason Johnston,034-19-6989,"475 Sharon Skyway
Adkinsbury, OR 37467",N,miles
240,Melissa Wheeler,195-15-3867,"914 Shaw Estate Apt. 272
North Cynthialand, LA 16967",N,miles
241,Amanda Mckee,605-31-4248,"09739 Leonard Mount
North Brianborough, ND 09872",Y,hours
242,Jeffrey Good,844-96-7983,"69396 Barnes Gateway
Port Jessestad, IA 14270",N,miles
243,Christopher Smith,104-31-6197,"3530 Gary Ramp Suite 803
Susanstad, FL 94012",Y,hours
244,Frances Rhodes,186-45-5819,"05811 Christine Way
Jennifershire, GA 28040",Y,hours
245,Jamie Diaz,506-78-5700,"Unit 3970 Box 4523
DPO AA 06317",N,miles
246,Ashley Ward,485-35-8304,"72258 Parks Stravenue
South Kevinfort, WA 29650",Y,hours
247,Lauren Roberts,767-38-0884,"76336 Brett Trace
Garyshire, DE 25333",N,hours
248,Carla Welch,488-85-8583,"3923 Aaron Ramp
Mariaton, ID 81633",Y,hours
249,Jason Allen,177-22-8793,"34959 James Hill Apt. 174
Jeanneburgh, KS 85517",N,miles
250,Daniel Newman,712-48-3071,"624 Stein Garden Suite 422
New Jenniferbury, NH 90725",Y,hours
251,Patricia Campbell,379-87-9213,"309 Janice Course
Andreaborough, MI 47768",N,hours
252,Maxwell Richards,560-31-1288,"3119 Heather Well
New Lisastad, KY 13464",Y,miles
253,Cynthia Roberts,641-59-3886,"58562 Johnson Path
Ambertown, NE 30629",Y,hours
254,Sabrina Burton,439-97-9648,"5297 David Expressway
Danielland, NC 30445",Y,miles
255,Sherry Herman,777-54-6759,"947 James Ramp
East Jennifer, WV 41156",N,miles
256,James Butler,722-04-2504,"289 Steven Extension
South Michael, CA 21232",N,miles
257,Douglas Brown,427-13-1933,"110 David Camp
North Sarah, GA 93656",N,miles
258,Janet Allen,235-99-5002,"697 Steven Flats
Kerrview, IL 96825",Y,hours
259,Christopher Ibarra,822-65-1365,"8658 Stephen Park Apt. 267
Dawnfurt, PR 88575",N,miles
260,Shelley Best,645-65-4834,"PSC 8368, Box 3452
APO AA 54953",Y,hours
261,Amy Obrien,009-96-7280,"11114 Brandi Key Apt. 020
North Paul, AK 95995",Y,hours
262,Kaitlyn Simpson,118-24-8192,"879 Michael Cliff Apt. 471
Tammyburgh, AS 40198",Y,miles
263,Steven Burnett,648-60-9848,"26437 Smith Road Apt. 385
Berryberg, PW 88204",Y,miles
264,Lawrence Hall,049-07-8079,"7054 Guerrero Point Suite 331
Zavalaview, CT 35327",Y,miles
265,Robert Craig,027-46-8915,"91768 Moore Square
Jackietown, LA 54439",Y,hours
266,Teresa Thompson,699-28-5072,"483 Bryan Points
South Alexis, VT 61617",N,miles
267,Jeffery White,084-47-2860,"823 Anna Land
West Brandonborough, PR 67445",N,miles
268,Eric Graves,195-06-6076,"34853 Joseph Ranch
South Timothystad, PA 55242",Y,hours
269,Jonathan Porter,363-39-8923,"356 Erin Manors
West Monica, GU 13180",N,hours
270,Johnny Cook,426-08-6692,"078 Walsh Drive Apt. 326
Mossstad, AL 37657",Y,miles
271,Kevin Jordan,468-14-2605,"5006 Hannah Avenue Suite 654
Lake Ryanville, MD 03845",N,miles
272,Kyle Moreno,545-03-6151,"5411 Miller Junction
Harringtonland, MD 70464",Y,hours
273,Justin Richard,525-08-1975,"60496 James Track Suite 374
East Stephen, AR 01661",N,miles
274,Amy Price,187-25-1195,"1139 Gibson Trafficway
Lake Rebeccafurt, OH 77461",N,hours
275,Mary Griffin,819-49-6960,"769 Morgan Roads
South Tracy, MP 24635",Y,hours
276,Justin Green,353-38-4338,"3217 Porter Village
Lake Richardstad, AK 20634",Y,miles
277,Sarah Kelley,186-42-6474,"23747 Noble Shoals
East Barbarabury, MI 79538",Y,hours
278,Mary Combs,612-29-7074,"43958 Nguyen Crossing
Morseton, SD 47911",N,hours
279,Christopher Prince,689-35-9964,"7735 Dudley Landing Apt. 327
Port Alishashire, SC 41902",Y,miles
280,Robert Baker,476-55-6149,"044 Banks Radial Apt. 673
Sparksmouth, KS 95769",N,miles
281,Michael Solomon,209-53-9238,"98127 Cook Harbors Suite 746
Harristown, TX 58710",Y,hours
282,Mason Lowe,170-40-3498,"275 Janet Skyway
East Josephfort, OK 05845",N,miles
283,Dr. Daniel Figueroa Jr.,550-73-5753,"4195 Megan Valleys Suite 664
Lake Johnview, IA 08163",Y,miles
284,Ebony Cooper,620-24-8413,"8224 Jennifer Estate Apt. 072
Lake Jeffrey, TN 97205",Y,miles
285,Robert Lloyd,660-16-5337,"Unit 4281 Box 7223
DPO AP 73178",Y,hours
286,Austin Molina,374-85-1011,"074 Anthony Union Apt. 966
Jontown, DE 34304",N,miles
287,James Torres,274-72-7478,"65710 Glass Passage
South Angela, AZ 42219",N,miles
288,Daniel Grant,869-22-9559,"7697 Huang Canyon Apt. 021
Hermanbury, VI 03439",Y,hours
289,Micheal Thomas,149-83-0381,"5488 Decker Causeway
Michaelfort, PA 22163",Y,hours
290,Timothy Lee,456-04-9792,"22806 Kimberly Springs Apt. 196
Taylorland, AS 66635",Y,miles
291,Edward Weber,275-02-5645,"Unit 0898 Box 5814
DPO AE 78328",N,hours
292,Jacqueline Smith,879-24-0319,"147 Hill Route Apt. 243
South Joshua, PR 87696",Y,hours
293,Anna Harris,442-20-4914,"0115 James Ferry
Coreystad, MP 61175",N,miles
294,Kevin Hogan,423-75-2365,"35784 Jones Glen
Shellyshire, FM 60142",Y,hours
295,Emily Jones,721-57-9471,"PSC 2914, Box 6912
APO AP 46578",Y,miles
296,Kara Sullivan,516-45-1772,"Unit 8462 Box 6248
DPO AP 75794",Y,hours
297,Jermaine Hanson,199-31-4944,"90434 Melanie Meadow Apt. 212
South Karaport, OH 01789",Y,hours
298,Charles Hubbard,782-32-5417,"753 Christopher Junctions Apt. 499
New Nicholasport, IN 58613",Y,hours
299,Antonio Parker,787-46-5428,"285 Russell Cliffs Suite 204
Rojasville, GU 32767",N,miles
300,Jeffrey Lopez,566-97-7089,"21226 John Court
Sanchezhaven, OR 61778",N,hours
301,Alexis Foster,372-35-2823,"926 Allen Extension Apt. 979
Hollystad, AR 91908",N,miles
302,Gwendolyn Gibson,721-44-6729,"0538 Henderson Springs Apt. 357
South Laurentown, VI 02614",Y,miles
303,Tracy Palmer,224-87-7699,"611 Brown Plain
Haleyberg, RI 64965",Y,hours
304,Amy Campbell,602-28-5985,"0773 Noah Locks
Stephenton, IN 51851",Y,miles
305,Susan Carroll,310-51-7973,"87225 Alexander Avenue
Beckerberg, DE 66476",Y,miles
306,Dwayne Lamb,823-64-1582,"PSC 8018, Box 2170
APO AP 85820",Y,miles
307,Terry Fox,575-32-6580,"5045 Jason Underpass Suite 783
South Antonio, GU 11811",Y,miles
308,Jared Coleman,476-78-2710,"4735 Sharon Points
New Alexandra, VA 35547",N,miles
309,Lori Austin,892-52-1045,"507 Stuart Locks
Donaldberg, DC 81078",N,hours
310,Melanie Martin,285-97-6809,"84975 Taylor Heights Suite 926
New Troy, IL 04598",N,hours
311,Aaron Mitchell,582-97-1585,"104 Henry Row Apt. 817
West Williamfurt, PW 50191",N,hours
312,Wendy Mann,060-34-2414,"606 Gloria Unions
South Joshualand, ME 67236",Y,hours
313,Jennifer Duncan,616-71-2447,"1108 Davis Road Suite 882
East Charles, MD 62083",N,hours
314,Edward Wilson,598-57-8589,"434 Cantu Turnpike Suite 768
New Louis, CT 61960",Y,miles
315,Ms. Michelle Mullins,297-88-2319,"1833 Rebekah Club Apt. 631
Caseburgh, OR 42932",Y,hours
316,Jennifer Richards,729-39-6005,"928 Garcia Path Suite 406
Annland, VA 17595",Y,miles
317,Andrea Singleton,581-03-4413,"96859 Kari Crest Suite 187
Lake Barbarafort, DC 02552",Y,hours
318,Karen Morris,362-49-0875,"4110 Vega Land Apt. 089
Port Caitlyn, VT 58139",N,hours
319,Sarah Perry,374-37-7210,"8571 Shawn Crescent
Juliamouth, NY 72363",N,miles
320,Karina Williamson,767-92-5650,"35972 Katherine Road
Port Nicolemouth, NC 66195",N,hours
321,Michael Rhodes,828-47-0737,"404 Hannah Crossing Apt. 728
Feliciatown, MO 17515",N,hours
322,Kenneth Quinn,294-79-6562,"7374 Hamilton Greens
Lake Paigeton, NE 41217",Y,hours
323,Robert Torres,327-18-4836,"310 Lewis Lakes
Timothyville, MD 83557",Y,hours
324,Shelby Reed,495-43-7098,"0765 Young Courts Suite 719
East Donshire, AL 70072",Y,hours
325,Shelby Walker,462-86-7781,"9340 Garcia Pass
Harrisview, NY 62556",Y,hours
326,Kristin Wilson,185-15-9509,"606 Clark Pass
North Henrychester, AS 27499",N,miles
327,Alicia Rivas,570-30-2000,"USS Frye
FPO AA 10194",Y,miles
328,Mr. Kevin Lewis,033-48-7288,"10906 Alicia Land Apt. 303
South Davidville, NC 59988",N,miles
329,Jessica Castillo,223-22-7725,"972 Courtney Hill Apt. 712
East Allisonville, AK 43642",Y,miles
330,Mr. Justin Howe Jr.,085-26-1072,"PSC 2468, Box 0239
APO AE 08999",N,miles
331,Chad Harris,088-69-1124,"1332 Amanda Via Apt. 646
Ramosfort, VI 86678",Y,miles
332,Jesse Miller,064-98-1557,"835 Elizabeth Burgs
Mendozastad, NJ 19749",Y,miles
333,Nathan Young,291-93-7004,"Unit 0783 Box 9322
DPO AE 26683",Y,hours
334,Jennifer Freeman,531-38-9767,"167 Wright Corners Suite 036
Stephaniefort, PR 60896",Y,miles
335,Emily Wells,349-67-7804,"1390 Shaw River
Bradleyton, IA 95478",N,hours
336,Jennifer Horton,667-26-4531,"65363 Thomas Mountains
East Lonnieburgh, AZ 82147",N,miles
337,Courtney Rogers,411-79-1576,"116 Hernandez Center
Stewartburgh, NM 95567",N,miles
338,Robin Greene,121-44-4096,"397 April Coves Apt. 716
North Debrachester, AL 82767",N,miles
339,Alexis Adkins,601-83-5887,"USCGC Clark
FPO AA 38106",Y,miles
340,Lisa Mccarthy,368-21-4686,"Unit 5656 Box 2708
DPO AP 14454",N,hours
341,Kelly Hall,219-75-7509,"3830 Melissa Shore Apt. 471
West Justinport, NC 37858",N,miles
342,Travis Green,376-74-7455,"81043 Mcknight Meadow
South Seanstad, MS 83948",Y,hours
343,Michael Carlson,422-02-6528,"9461 Meyer Forge Apt. 357
Jimmyport, AL 03000",N,miles
344,Todd Jackson,191-55-4373,"7348 Michael Greens
South Barbara, SD 39776",Y,hours
345,Corey Holloway,720-32-3308,"064 Christopher Pine Apt. 911
New Travis, IA 42717",N,miles
346,Elizabeth Griffin,004-47-6432,"2204 Barker Divide Apt. 119
Hurstville, NC 26304",Y,hours
347,Jaime Allen,165-58-5548,"0200 Dunlap Meadow
Jenniferborough, FL 51437",N,miles
348,Lynn Morrison,622-98-0614,"430 Karen Haven Apt. 847
Camposfurt, SC 58083",N,hours
349,Christopher Nelson,139-46-9349,"36139 Jeffrey Roads Suite 414
Jonesstad, IL 97375",N,hours
350,Paula Lam,676-02-1264,"1955 Tyrone Inlet
Shepherdfort, HI 92720",N,hours
351,Gwendolyn Kane,617-34-7786,"357 Miller Throughway
Claytonchester, MP 74645",Y,hours
352,Max Rojas,004-54-5048,"877 Thomas Center
West Jeanbury, VI 21544",Y,miles
353,David Macias,792-50-1805,"4160 Reese Ports Suite 542
New Mercedes, GA 18927",Y,miles
354,Daniel Sloan,867-14-0535,"Unit 8387 Box 2636
DPO AP 86633",Y,miles
355,Thomas Thomas,430-54-5846,"7221 Jason Crossing Suite 616
Lake Allison, OR 41767",Y,hours
356,James Williams,788-94-0842,"41409 Winters Spur Suite 343
Jamesborough, MH 57012",N,hours
357,Joe Deleon,361-46-7172,"407 Jamie Canyon
Sydneyfurt, NV 60456",Y,miles
358,Cassandra Holloway,013-58-3870,"Unit 2902 Box 0032
DPO AE 19712",N,miles
359,Sherri Copeland,106-83-0074,"266 Joanna Ports Suite 036
South Alexandrachester, CA 36394",Y,miles
360,Natasha Mendoza,317-33-8440,"3388 Lawrence Mount Suite 057
Brittanyborough, WV 54857",N,miles
361,Michael Wilson,249-05-5973,"200 Vanessa Dam
New Kathryn, IA 43609",N,miles
362,Craig Armstrong,523-47-4698,"1942 Bell Lock Suite 641
Johnsonfort, LA 91680",N,hours
363,Timothy Bailey,093-82-8868,"7204 Jill Burgs Apt. 516
Robertsonmouth, MN 78592",N,miles
364,Andrea Morgan,170-52-3913,"03125 Marie Causeway Apt. 559
Port Rachelview, ME 30786",N,hours
365,Donald Buchanan,299-07-4332,"PSC 2281, Box 5449
APO AE 54181",N,miles
366,Mary Bean,224-98-4406,"96853 Jason Forest
Diazfort, AR 48650",N,hours
367,Gary Maldonado,306-96-0248,"USS Davis
FPO AP 69036",Y,miles
368,Jill Garner,759-68-7800,"003 Bryan Island Apt. 304
Deannaberg, AZ 58887",N,hours
369,Kimberly Smith,474-60-0693,"20962 Hudson View
Port Rebeccaburgh, CT 47460",Y,hours
370,Heather Davenport,340-33-5926,"Unit 1409 Box 5350
DPO AE 93057",N,hours
371,Gabriella Fuller,879-72-1583,"839 Jennifer Vista Suite 227
South Kellieton, RI 24231",N,miles
372,Margaret Noble,039-23-6433,"2412 Glen Center Suite 242
Pollardfort, OR 05410",N,hours
373,Thomas Dennis,619-03-4375,"3423 Shawn Drives Apt. 773
Cartertown, VT 58081",Y,hours
374,Andrea Fields,323-82-5003,"45059 Colon Ports
Mariaborough, NJ 81515",N,hours
375,David Williams,406-46-8089,"2803 Lyons Plains Suite 729
Lake Lisaland, ND 10046",Y,hours
376,John Willis,633-34-4460,"9626 Tony Bridge
Kristinfurt, MD 72765",N,hours
377,Mitchell Bonilla,497-48-3243,"32645 Beth Gardens Suite 520
Ashleyshire, MA 63622",N,miles
378,Brett Payne,506-25-8261,"PSC 9001, Box 3119
APO AA 43584",N,hours
379,Tyler Rodriguez,304-59-8657,"024 Yu Mountain Suite 044
Brianstad, IA 59003",N,miles
380,Wendy Mitchell,271-71-0469,"5272 Smith Rest Apt. 217
Lake Courtney, UT 43582",Y,miles
381,Courtney Bailey,046-52-3517,"02035 Kevin Prairie
Delgadochester, IL 60028",N,miles
382,Ruben Reeves,073-53-6203,"253 Matthew Crescent Suite 886
Port Alexandria, TN 97232",Y,miles
383,Thomas Turner,534-13-9342,"6571 Jessica Glens
Anthonyland, SD 18282",N,hours
384,Jonathon Smith,277-44-1831,"34981 Joseph Meadow
Carlport, LA 95485",N,hours
385,Amy Wright,585-56-6080,"8017 Scott Trace Suite 192
Cummingston, AL 30861",Y,miles
386,Mr. Nicholas Jones,833-18-0584,"USS Christensen
FPO AA 48311",Y,hours
387,David Lee,178-84-9584,"482 Hensley Mission
Elizabethbury, KS 10472",Y,miles
388,Barbara Garcia,881-38-4408,"8758 Morris Port Suite 397
Fosterborough, GU 14027",Y,hours
389,Ronald Moore,409-43-2436,"85271 Ayala Plain
Pughmouth, IA 77588",Y,miles
390,Amanda Conley,308-50-6449,"815 Monique Path Suite 149
Andrewsmouth, MD 09580",N,miles
391,Kyle Wade,479-19-1381,"06560 Chan Glen
West Ryan, ND 37903",N,hours
392,Melanie Sandoval,500-86-0737,"4339 Jason Flat
North Charlesfurt, SC 77858",N,hours
393,Brandi Manning,600-22-4882,"USCGC Alvarado
FPO AE 48679",N,hours
394,Katherine Mccarthy,027-45-8931,"9306 Beard Village Suite 723
North Joseberg, MA 28830",N,hours
395,Dr. James Ramirez,711-16-0595,"925 Benson Pike Suite 835
Lake Garystad, MT 09734",N,hours
396,Cindy Nguyen,448-83-9057,"753 Lewis Wells Apt. 606
South Erin, HI 26394",N,hours
397,Joseph Lamb,547-68-9297,"22086 Cathy Highway Apt. 186
South Amandamouth, MD 72487",N,miles
398,Richard Scott,625-84-8908,"7606 Erika Key
Osborneside, WI 20336",Y,hours
399,Megan Burke,672-02-2170,"969 Moore Manors
New Michael, MO 19856",Y,miles
400,Shelby Brown,221-38-1223,"080 Isaac Mission
Michaeltown, CT 95372",N,hours
401,Daniel Jenkins,157-38-8225,"8554 Bennett Stravenue Suite 644
West Joseph, WA 92843",N,miles
402,Jessica Fischer,274-56-4317,"USNS Smith
FPO AE 43997",Y,hours
403,Nicholas Walker MD,032-25-1405,"833 Andrew Road Apt. 438
Castanedafurt, KS 22571",N,miles
404,Ashley Wilkinson,034-30-5291,"45214 Gates Stravenue Apt. 703
South Johnland, NJ 98737",N,miles
405,Sabrina Lee,199-81-7650,"USS Perry
FPO AP 27057",Y,hours
406,Jonathan White,791-81-2179,"51866 Robert Lodge Suite 246
East Dawnmouth, MO 19299",Y,miles
407,Steven Nelson,467-36-5428,"068 Gutierrez Plaza
Jamesmouth, VI 23662",Y,hours
408,Traci Harrison,591-75-4727,"USNV Jennings
FPO AP 95472",Y,miles
409,Jessica Foster,770-11-0631,"948 Jerry Cliffs
Port Erica, AK 55352",N,hours
410,Michael Sims,811-61-2548,"010 Joshua Walk Apt. 937
Alvaradoland, KY 43926",Y,miles
411,James Allen,512-89-6292,"451 Marsh Row
Lake Lauramouth, HI 30441",N,miles
412,Timothy Lopez,045-44-4370,"04233 Jarvis Square Suite 281
North Judithborough, AS 72179",Y,miles
413,Sarah Smith,290-32-9817,"2321 April Burg
Coltonborough, VI 40226",Y,miles
414,Mrs. Jessica Hines,793-53-9088,"6252 Bonnie Ferry
North Sharonmouth, OK 95100",N,hours
415,David Jordan,492-95-9678,"2896 Harrell Isle
East Janet, MS 74953",N,miles
416,Michael Rogers,749-04-0075,"Unit 6017 Box 0065
DPO AA 27799",N,miles
417,Janet Robertson,126-04-0360,"738 Ramirez Vista
South James, GU 42098",N,miles
418,Dawn Johnson DVM,337-79-9481,"24078 Kim Ridge
Benjaminville, VI 92376",Y,miles
419,Rachel Lane,108-39-7547,"890 Christina Islands Suite 907
Kellistad, IL 90926",N,miles
420,Christopher Allen,839-13-8630,"8640 Harris Village
West Destinyside, NJ 03149",Y,hours
421,Craig Craig,034-06-8415,"180 Jones Plaza
Mckaybury, MT 89904",Y,miles
422,Alexis Cortez,011-90-2033,"USNS Rocha
FPO AP 85038",Y,hours
423,Tony May,758-89-3104,"627 Vanessa Skyway Suite 541
Lake Madison, FL 12376",Y,miles
424,Sandy Lee,069-75-2905,"993 Rodriguez Union
Montgomerybury, NC 94194",Y,miles
425,Thomas Woods,499-21-8695,"73698 Steven Springs Apt. 024
Caldwellstad, MI 89382",N,miles
426,Margaret Dodson,059-33-5405,"373 Rivas Mountain Suite 843
East Michaelberg, PW 29889",N,hours
427,Ruben Harris,822-53-4907,"PSC 8421, Box 1026
APO AA 83100",N,miles
428,Crystal Rodriguez,773-35-5685,"1866 Chris Tunnel Apt. 362
Tylerland, MT 37714",Y,hours
429,Angela Ferguson,735-44-9870,"5366 Smith Land Apt. 362
Port Christineview, AZ 59057",N,miles
430,Javier Vargas,032-05-4835,"212 Elizabeth Common
North Bradleyport, PA 69138",Y,hours
431,Mark Miller,875-14-6114,"641 Fuller Ports
New Yvonnefort, WV 29884",Y,hours
432,Kimberly Smith,356-92-2655,"USNV Ayers
FPO AA 65327",Y,miles
433,Debbie Parks,586-93-5180,"91061 Tammy Fork Suite 557
Crosbymouth, DE 76019",N,hours
434,Sarah Young,145-05-6984,"044 Alicia Crossing
New Raymondborough, MT 18609",N,miles
435,Nicholas Padilla,546-88-4578,"61833 James Walks Suite 981
North Dennisfurt, NH 71289",N,hours
436,Norma Guzman,213-06-8433,"984 Campbell Alley
South Jasonfurt, CA 14353",N,hours
437,Jonathan Pruitt,850-57-5033,"95724 Brianna Groves
South Jeremyside, IN 77080",Y,hours
438,Kyle Kennedy,460-32-1416,"48334 Garrett Park Apt. 653
New Brandon, AS 95839",N,hours
439,Roger Mckenzie,026-80-2313,"9189 Dawn Crest Apt. 276
Port Jennifer, MO 10107",Y,hours
440,Donna Mclean,256-36-4324,"314 Monica Mall Apt. 734
West Jaymouth, WI 72111",Y,miles
441,Kimberly Crawford,723-21-0681,"539 Davis Walk
Simsview, AZ 90141",N,hours
442,Daniel Walters,605-88-0432,"34080 Sean Fields Suite 934
East Christinechester, VI 92182",Y,hours
443,Jesus Craig,644-51-1247,"80711 Rodriguez Tunnel
Riverahaven, NH 57477",N,miles
444,Eric Stephenson,884-74-9136,"2567 Ronald Trace Apt. 618
Dennishaven, PW 30678",Y,miles
445,Kathleen Koch,144-24-4161,"55281 Dylan Track
Aliciaview, NJ 69472",Y,hours
446,Cody Morris,023-09-3290,"65748 Dawn Ford Apt. 726
Woodburgh, NJ 27065",N,hours
447,Mrs. Alicia Moore,297-95-0546,"0806 Linda Mall
Deborahshire, IA 74521",Y,hours
448,Michael Turner,589-90-4885,"2831 Gonzales Throughway Suite 772
Fernandezstad, MA 28778",N,hours
449,Anthony Brown,358-33-3089,"02134 Coleman Mountains Suite 746
North Gregoryside, WA 93596",Y,miles
450,Karina Williams,178-43-5126,"Unit 8085 Box 4522
DPO AP 72204",N,hours
451,Ryan Campbell,855-10-3952,"9319 Turner Camp Suite 208
New Bethanyport, WA 03269",Y,hours
452,Jordan Patterson,483-01-8603,"7132 Jennifer Corners
Roberthaven, DC 91048",N,hours
453,Stacie Rivera,226-09-6057,"7245 Lopez Drive Suite 829
East Melissaton, MN 72832",N,hours
454,Sarah Watson,187-36-1651,"7899 Wilson Plain
Port Brady, SD 62807",Y,miles
455,Stephen Hutchinson,887-03-0385,"63001 Christine Heights Suite 606
Nelsonview, NV 86443",N,hours
456,Cody Estrada,394-39-6062,"498 Victor Road Apt. 344
North Keithtown, KY 42148",Y,hours
457,Julie Brown,852-58-4372,"837 Joanna Fork Apt. 464
East Marcbury, AK 74453",Y,miles
458,Karen Ryan,001-30-7057,"21857 Jane Way
West Melanieton, WV 79386",Y,hours
459,Lisa Smith,310-64-7734,"23421 Nicholas Shoals Apt. 809
Cummingsville, WV 52832",N,miles
460,Nancy Blackwell,833-22-6535,"82215 Amanda Alley Apt. 836
Mcclureton, MH 99095",Y,miles
461,Nicole Cox,838-55-3840,"000 Rodriguez Alley
Mariahaven, AK 09155",Y,miles
462,Sheila Kelly,671-23-3395,"04695 Davis Harbor Suite 795
Port Christinamouth, DE 76908",N,miles
463,Heather Perez,887-84-3938,"45452 Middleton Mount
Oneillburgh, UT 41548",Y,miles
464,Keith Knight,878-16-9177,"1776 Hoffman Shore
Shawnville, MT 59548",Y,miles
465,Jesse Evans,358-13-1242,"6082 Wilson Harbors Apt. 451
West Anthonyfurt, VI 08110",Y,hours
466,Yvonne Sanchez,639-68-1391,"16964 Swanson Views Suite 435
New Christy, OK 44596",N,miles
467,Karen Hoffman,635-44-2341,"265 Perez Lodge Apt. 621
Levineport, DC 73347",N,hours
468,Glenn Martinez,319-16-7023,"PSC 0592, Box 6784
APO AE 47625",Y,hours
469,Calvin Craig,393-41-2582,"4972 Yates Circles
Lake Ruthtown, HI 17694",N,hours
470,Terry Dougherty,434-61-8562,"1952 Madison Well Apt. 844
Christopherport, OR 85933",N,miles
471,Caroline Freeman,732-49-1817,"310 Christina Heights
Whitetown, NM 26015",N,hours
472,Mark Turner,696-61-0224,"106 Arellano Pike
East Kristy, AS 07589",N,hours
473,Jerry Foley,828-79-6314,"09842 Sarah Parkways
Robertstad, NH 08405",N,miles
474,Amy Vasquez,028-63-7656,"6760 Hutchinson Ville Suite 037
East Eric, WY 93292",N,miles
475,Michael Moore,476-25-0851,"USS Smith
FPO AA 73970",Y,hours
476,David Chung,148-25-3911,"057 Ethan Circles
South Deborahchester, GA 23398",Y,hours
477,Carlos Johnson,548-09-1906,"4615 Williams Pine
Lake Kathryn, DE 94614",N,miles
478,Lisa Williams,531-42-9023,"839 Robinson Keys
West Sherry, OR 55570",Y,hours
479,Michael Weber,465-38-7144,"746 Emily Garden
Ramosberg, FM 67548",N,hours
480,Brenda Stephens,825-59-9410,"02011 Richardson Lane Suite 195
Port Andrew, WY 38347",Y,miles
481,Raymond Morgan,369-33-8772,"0462 Charles Branch Apt. 192
South Heatherview, SD 28433",Y,hours
482,Donna Mcbride,842-62-9587,"21879 Wilcox Station Apt. 571
West Dianatown, IL 55397",N,miles
483,Kelly Wheeler,804-82-5224,"14801 Mcguire Valleys
North Stacey, TN 03904",Y,hours
484,Jonathan Clark,366-24-9672,"92728 Amber Walk
Wernerborough, CO 22934",Y,miles
485,Ronald Richardson,030-89-4187,"1214 Hernandez Forges
South Stevenborough, NM 79380",Y,hours
486,Robert Anderson,474-69-6177,"9620 Holmes Plain
Port Danielle, VI 35752",N,hours
487,Raymond Simmons,823-02-3575,"1432 Smith Curve
West Karinamouth, MS 59061",Y,miles
488,Danielle Norton,755-12-7624,"13459 King Knolls Apt. 161
Jodyshire, TN 95037",N,hours
489,James Davis,591-63-3210,"5533 Charles Ford
Griffinfurt, ND 51253",Y,hours
490,Brian Mitchell,230-28-8797,"605 Ashley Shore
North Melissa, IA 67618",Y,hours
491,Rebecca Sanchez,872-31-3880,"875 Gina Bridge
Brookeberg, ME 42802",Y,miles
492,Robert Myers,493-07-1509,"65385 Flynn Crest Apt. 748
Johnnyside, IL 00680",Y,miles
493,Jose Bennett,654-02-5727,"193 Cody Creek
Dianeside, MO 92879",N,miles
494,Sarah Bailey,507-48-1297,"733 Mitchell Pass Apt. 925
Christyside, MP 28901",Y,miles
495,Ronald Mitchell,088-75-6473,"33282 White Viaduct Suite 584
Rogerborough, IA 99933",Y,hours
496,Ashley Olsen,385-12-8768,"7472 Soto Lodge Apt. 377
Port Christopher, VT 30179",Y,miles
497,Tiffany Arnold,187-98-1826,"771 Burnett Street
Boydburgh, NH 96732",Y,hours
498,Daniel Long,105-47-3339,"Unit 9215 Box 7370
DPO AA 05350",N,hours
499,David Jacobs,528-68-0645,"8048 Bruce Brooks
East Jessica, MS 48812",Y,miles
500,Thomas Hubbard,051-29-2675,"36771 Chandler Village Suite 718
Douglastown, WY 89386",Y,miles
501,Jose Brooks,602-32-9613,"2849 Jennifer Meadows
Wernerville, RI 47056",N,hours
502,Matthew Thomas,112-17-5961,"8222 Ruiz Rapid
East Robinmouth, NJ 55628",N,hours
503,Carolyn Taylor,128-42-2646,"63103 Cook Avenue Suite 545
North Henryside, AK 64073",Y,miles
504,Lisa Stephens,669-33-5537,"07038 Hawkins Fall Suite 102
Port Catherine, SC 28364",N,miles
505,Rick Perkins PhD,336-52-2833,"53987 Henson Village
Tylermouth, AR 96441",Y,miles
506,Shannon Evans,757-82-2198,"4249 Noah Rapids Apt. 014
Lake Williamshire, TX 40839",Y,miles
507,Timothy Johnson,086-19-6913,"83526 Lee Terrace Suite 231
North Amy, GA 88980",Y,hours
508,Eric Mcguire,835-23-1896,"84254 Misty Point
Butlerhaven, WI 74284",N,hours
509,Linda Evans,657-85-7327,"PSC 7859, Box 6779
APO AE 68287",N,hours
510,Sherry Mcdaniel DDS,865-19-2476,"89224 Pope Mountain
New Crystal, AR 24609",N,miles
511,Blake Chan,132-36-5478,"280 Hernandez Place
West Courtney, AR 20929",N,miles
512,Kayla Sullivan,625-54-7933,"USNV Jackson
FPO AA 91831",Y,hours
513,Lauren George,618-63-3683,"3402 David Shore
Susanville, KS 03776",Y,hours
514,Jesse Singh,164-13-3492,"8022 Salinas Islands
West Alexandra, OR 79928",N,hours
515,Jasmin White DDS,825-40-9819,"00461 Choi Squares
West Christian, SC 79365",Y,miles
516,William Martin Jr.,083-24-1263,"39300 Carlos Walk Apt. 506
Port Samuel, MN 19355",Y,miles
517,Caitlin Anthony,040-64-3964,"43042 Cameron Springs Suite 609
East Lindsey, NM 46165",N,miles
518,Rachel Adkins,284-70-8071,"598 Charles Highway
Port Jesusmouth, DE 05034",Y,hours
519,Gloria Nichols,349-91-9507,"7876 James Prairie Suite 273
West Matthew, FL 69957",N,miles
520,Robert Anderson,748-69-4898,"905 Deleon Ports
Estradamouth, FM 52719",N,hours
521,Patricia Johnson,035-01-9163,"5405 Mark Loop Apt. 111
Port Lesliestad, MS 69293",Y,hours
522,Ashley Wright,759-91-8335,"99603 Andrea Valleys Suite 213
West Kristine, OH 25345",Y,miles
523,Kimberly Mcpherson,338-59-1026,"Unit 6537 Box 0902
DPO AP 58630",Y,hours
524,Stephanie Hill,652-20-4965,"21913 Lloyd Lake Suite 187
Sandramouth, OH 59625",N,hours
525,Elizabeth Jones,483-58-3027,"802 Alexis Center
North Jasonbury, CA 96907",Y,hours
526,Kristen Winters,414-11-2546,"730 Howard Dale
North Yvonneside, AR 91618",Y,hours
527,Nicole Perez,065-62-3753,"3295 Tamara Well
New Kristy, NC 80351",Y,hours
528,Elizabeth Livingston,477-51-6411,"59350 Nelson Pine
Padillaland, WV 78168",Y,miles
529,Allison Matthews,570-93-0105,"536 Erik Islands
West Jaymouth, UT 92255",N,miles
530,Donald Jenkins,003-82-0468,"127 Marc Squares
Paulhaven, CO 23895",Y,miles
531,Elizabeth Figueroa,291-16-7501,"753 Russell Run
Lake Robert, NJ 07297",N,miles
532,Mr. Perry Garza,452-94-0197,"9099 Thompson Squares
Port Nicole, PW 14027",Y,miles
533,Bianca Patton,046-52-8900,"58875 Justin Mission
Darrylmouth, SD 87770",N,hours
534,Lisa Warren,588-56-5589,"78861 Evans Landing
East Kristenberg, FL 37272",N,hours
535,Amanda Murphy,679-91-4377,"05923 Charles Harbors Apt. 271
Desireeburgh, TN 33784",Y,hours
536,William Berry,404-12-6632,"106 Raymond Underpass Suite 882
Justinfort, NY 57976",N,hours
537,Martin Johnson,360-54-7668,"3306 Elaine Mission Suite 928
Riveramouth, CT 55241",N,miles
538,Carol Thomas,073-78-0275,"56008 Tiffany Prairie Suite 611
Jonesview, GU 38540",N,miles
539,Diane Lewis,419-59-8588,"75260 Paul Camp Suite 078
Margaretside, IL 33068",N,miles
540,Philip Johnson,386-05-1151,"44140 Rita Fork Apt. 571
Romeroside, DE 70027",N,miles
541,Peggy Sampson,574-70-5643,"6522 Anderson Oval
Carrberg, SC 30515",N,hours
542,Andrew King,478-04-7896,"51634 Lamb Via
North Kellyland, TN 68113",N,miles
543,Antonio Whitehead,052-87-2398,"374 Jackson Street Suite 715
Jenniferstad, AR 22547",Y,hours
544,Kristina Hansen,671-76-7722,"986 Matthews Park
Simmonsside, LA 15878",Y,miles
545,Jessica Mcgee,227-96-9928,"0831 Riley Valley
Christinefort, OH 58258",Y,hours
546,Meagan Brewer,263-58-3070,"12007 Joshua Brook
Joshuahaven, KS 16116",Y,miles
547,Shannon Martin MD,664-29-5241,"06618 Stein Tunnel
Bakermouth, RI 46193",Y,miles
548,Lisa Abbott,393-27-7652,"988 Mackenzie Estate Apt. 755
Bakerside, PW 08031",N,miles
549,Matthew Montoya,020-41-4579,"197 Carpenter Crossroad
Lake Nicole, LA 91445",Y,hours
550,Laura Johnson,698-32-2295,"Unit 1211 Box 8071
DPO AP 54864",Y,miles
551,Carlos Raymond,756-08-6283,"7294 Kennedy Rapids
West Williamton, OR 56269",Y,miles
552,Chad Holland,459-23-1248,"551 Ruiz Road Suite 448
Yorkland, VA 53505",N,hours
553,Blake Lewis,257-94-5125,"3318 David Tunnel Suite 122
Ashleyland, UT 76969",Y,hours
554,Jodi Miller,586-35-3677,"3993 Douglas Pike
Richardbury, MH 99351",N,miles
555,Sandra Norris,174-77-3201,"138 Harris Manor
New Kyleside, KY 10443",Y,miles
556,Eddie Jennings,821-92-4232,"PSC 5654, Box 6331
APO AA 00523",N,miles
557,Thomas Flores,051-41-5897,"17417 Gene Freeway Suite 523
South Steven, SC 91773",Y,hours
558,Brian Christian,840-82-1768,"141 Stacy Forest
Glennfurt, TN 62336",N,miles
559,Dawn Frederick,107-67-3088,"PSC 6900, Box 6588
APO AE 58424",Y,miles
560,Jonathan Nelson,125-29-8504,"42081 Richard Track Suite 420
New Kaitlynview, WV 55659",N,hours
561,Erik Gutierrez,696-74-7636,"40877 Cruz Circle Apt. 728
North Andrewstad, NM 73953",Y,hours
562,Sara Guerra,735-14-0890,"5570 Matthew Garden Apt. 981
East Danielleborough, AL 95744",Y,miles
563,Stephanie Salas,320-38-4369,"27144 Reyes Summit Suite 305
Keithport, WI 29031",N,miles
564,Tiffany Mccoy MD,781-99-5822,"05820 Joseph Rest
North Jill, AL 67545",Y,hours
565,Alec Thomas,806-75-2633,"72858 Kathryn Village Apt. 571
Acostaville, RI 02147",Y,hours
566,Melissa Ferrell,475-40-4074,"9671 Harmon Mews
Brownfurt, FM 13817",Y,hours
567,Colleen Hill,818-91-1436,"523 Aguilar Throughway
Kellytown, FM 47773",Y,hours
568,Jennifer Nelson,077-30-7486,"7420 Mariah Viaduct Suite 157
Justinland, OR 52359",Y,hours
569,Gerald Duncan,444-56-6951,"514 Stephen Islands Apt. 712
Lake Jessicahaven, AL 62810",N,hours
570,Dana Short,125-54-3215,"2426 Karen Isle
Andersonborough, NV 05626",N,miles
571,Keith Lopez,157-87-6977,"3290 Olsen Station
Martinezmouth, MS 08857",N,miles
572,Christina Gonzalez MD,722-51-6023,"591 Samantha Forges
South Michelleton, GU 56008",Y,hours
573,Caitlin Blake,434-93-8044,"011 Webster Estates Suite 008
New Samuelchester, WY 89677",Y,miles
574,Earl Pearson,622-17-0381,"51122 Scott Village
Michelleton, MT 93074",N,hours
575,Ashley Payne,081-31-7482,"PSC 9832, Box 3240
APO AP 97729",N,miles
576,Melissa Evans,818-10-7109,"12725 Joshua Avenue Suite 664
Kevinberg, NV 46825",N,miles
577,Cynthia Ellis,653-69-3850,"26597 Smith Keys Apt. 291
Stevenshaven, GU 57760",N,hours
578,Stephanie Mccarthy,277-38-8020,"84385 Davis Ford Suite 894
Wheelerton, MN 35396",N,hours
579,Luis Mullen,745-82-9355,"460 Christina Place Suite 037
South Eric, PW 10226",N,hours
580,Michael Moore,213-95-9710,"790 Tanya Canyon
Garciaberg, SC 74041",Y,miles
581,Anne Hernandez,576-10-6327,"17168 Jeremy Drive Suite 279
Ritaberg, WI 56614",N,miles
582,Andre Smith,880-14-8934,"8483 Keith Valley
Maryfurt, TN 11387",Y,miles
583,William Armstrong,042-95-5641,"86062 Laura Pass Suite 372
Lake Natasha, MI 48019",Y,hours
584,Kelli Richardson,724-07-1603,"979 Salazar Turnpike Suite 075
Tracifurt, KS 40516",N,miles
585,Susan Blanchard,100-34-7798,"450 Peter Fork Suite 978
West Danielburgh, AZ 25248",Y,miles
586,Sherry Moore,869-80-6098,"93307 Steele Spurs
Sherryton, IN 13237",N,hours
587,Anthony Harris,072-82-1201,"346 Brett Street
North Kevinmouth, MH 43313",Y,miles
588,Daniel Sutton,585-41-5101,"7033 Alexander Parks Suite 997
New Nicoleborough, WI 58097",N,miles
589,Mary Hudson,052-75-8395,"834 Evelyn Trail Apt. 630
West Melissastad, ND 18505",Y,miles
590,Marissa Johns,757-20-4060,"6848 Ashley Camp Suite 827
Stewartview, SD 84294",Y,hours
591,Joseph Davis,847-81-3756,"7408 Molly Inlet Apt. 306
Carterfurt, MT 93917",Y,miles
592,Connor Dawson,239-27-9336,"3221 Brown Fields
Lake Josephton, AZ 83158",Y,miles
593,Karen Sosa,738-86-3207,"6390 Sarah Ferry
Davidsonhaven, OH 36458",N,hours
594,Melody Shields,694-25-8224,"PSC 3814, Box 8161
APO AA 67302",Y,hours
595,Linda Caldwell,746-59-3725,"175 Alice Port Suite 574
Willisbury, IA 53527",Y,hours
596,Michael Phillips,571-54-7445,"USCGC Guerrero
FPO AE 46173",N,miles
597,Travis Hernandez,124-69-9594,"76425 Kaitlin Springs Apt. 036
Brittanyborough, PW 19113",N,hours
598,Amanda James,604-55-8856,"6727 Crosby Ports
East Edgarland, AL 37390",N,miles
599,Joel Edwards,820-73-6414,"670 King Walks
North Raymond, KS 02034",Y,miles
600,Bobby Snyder,835-78-8559,"45780 Mata Shores Suite 959
New Philipport, WI 82795",Y,hours
601,Michael Bennett,116-11-9978,"7900 Jessica Knolls Suite 860
Robinsonborough, NE 39917",N,hours
602,Kelly Weber,554-51-6068,"30323 Clarke Mountain Apt. 337
Melissaborough, PW 44296",N,hours
603,Heather Martin,056-48-4728,"608 Gary Vista
Moorefurt, LA 68164",N,miles
604,Jordan Martinez,207-89-3006,"02534 Nicholas Branch
Ashleyborough, MP 93597",Y,hours
605,James Fletcher,631-72-9791,"764 John Parkway Suite 963
Jasonport, KY 51010",Y,miles
606,Michaela Turner,041-51-9884,"29114 Martin Causeway Suite 993
Wallerport, LA 06391",N,miles
607,Crystal Huff,240-60-9286,"08245 Wagner Meadows
Lake Jane, AL 48679",Y,miles
608,Jesus Vega,434-75-3197,"PSC 8394, Box 2166
APO AE 14399",Y,hours
609,Frederick Garner,258-33-8873,"6415 Kyle Port Apt. 478
Virginiafort, UT 74587",N,hours
610,Gabriel Smith,685-40-7712,"49657 Hatfield Meadows Suite 322
East Kimberly, WA 77414",N,hours
611,Kristi Garcia,295-05-1016,"9908 Andrew Courts Suite 318
Petersenshire, WY 58880",Y,hours
612,Rhonda Archer,438-90-4629,"05566 White Courts Suite 408
Gordonchester, IN 90669",Y,miles
613,Stephanie Flores,670-07-5491,"958 Becky Plains
Cynthiafurt, MN 74747",Y,hours
614,Hailey Bennett,335-17-3171,"031 Hardy Hills
Williamshaven, MD 31328",Y,hours
615,Crystal Cook,063-46-1719,"USNV Clements
FPO AA 66421",Y,hours
616,Jennifer Gallagher,495-69-7248,"780 Charles Station
Charlottestad, WA 84401",Y,miles
617,Cody Evans,355-25-0216,"9910 Herrera Corners
Bradleyton, MI 37800",N,miles
618,Brian Ramirez,411-73-5423,"627 Jeff Pines Apt. 922
South David, KS 95464",Y,miles
619,Brandon Turner,287-14-2197,"2602 Davis Track Suite 553
Lake Kelseystad, SC 20402",N,miles
620,Amber Richmond,495-76-9145,"3109 Kristina Bypass
Thomasview, KY 34334",Y,hours
621,Kelly Floyd DDS,611-97-5095,"629 Judy Manor
Vaughanville, DC 43868",N,miles
622,Suzanne Mueller,494-84-5718,"47339 Tommy Fort
Owenside, MP 48647",Y,hours
623,Anna Guzman,629-51-2037,"PSC 3749, Box 8559
APO AP 58087",N,miles
624,Marc Hopkins,657-36-6243,"494 Montgomery Flat
South Natalie, RI 78401",Y,miles
625,Paula Reyes,458-23-0216,"767 Price Hills
New Anthonystad, AZ 88439",N,miles
626,Lisa Nielsen,093-85-9411,"0090 Douglas Trace
New Justinfort, WI 94953",Y,hours
627,Mrs. Jennifer Lucero,415-39-7112,"092 Victoria Hollow
Tanyaborough, AZ 38756",N,miles
628,David Owen,555-55-5940,"3218 Bowen Stravenue
Justinport, UT 96901",Y,hours
629,Charlotte Davis,445-73-0809,"745 Alex Wall
North Dennismouth, NE 62250",N,hours
630,Brian Gomez,738-86-7569,"685 Hannah Ports
West Janet, MP 48979",N,hours
631,Megan Martin,162-30-9080,"27975 Rachel Crossroad Suite 017
South Cynthiachester, ND 16641",N,hours
632,Jacob Shannon DDS,382-10-3203,"PSC 1119, Box 2023
APO AE 79887",N,miles
633,Michelle Parker,222-46-4954,"607 Adam Spurs Apt. 332
South Johnville, ID 52706",Y,hours
634,Brian Vance,410-11-9978,"33156 Fischer Plaza Suite 259
New Johnmouth, MI 49054",Y,hours
635,Rodney Lewis,552-84-2660,"294 Miller Place Suite 774
Richardsonberg, MT 39138",Y,hours
636,Madison Garcia,501-12-7778,"3527 Denise Brooks Apt. 857
Smithshire, WV 05988",Y,miles
637,Lori Montes,338-90-2898,"PSC 3333, Box 4453
APO AE 23600",N,hours
638,Frank Villanueva,255-90-5837,"11765 Justin Loop Apt. 953
Burnshaven, FL 79154",Y,hours
639,Jerry Thomas,746-87-7617,"6459 Reynolds Hill
Lisaville, OH 34221",N,miles
640,Tara Smith,172-50-5215,"4796 Gregory Road Suite 227
Curryberg, CT 53193",N,miles
641,Stephanie Stanley,095-61-4333,"522 Manning Falls
New Jose, PW 89874",N,miles
642,Eric Wheeler,028-29-9934,"3588 Joshua Falls
New Debrastad, HI 05924",Y,hours
643,Jacob Myers,380-25-8523,"049 Christopher Turnpike
Jamesbury, UT 32154",Y,hours
644,Ryan Shah,228-18-8205,"211 Crystal Crossing Suite 525
New Kristi, TN 89622",N,hours
645,Mr. James Watson Jr.,407-75-6340,"408 Anna Shoal
Snyderville, NC 88148",Y,miles
646,Andrea Wright,255-06-9741,"USCGC Lewis
FPO AA 92122",Y,miles
647,Donald Hunt,019-79-3655,"13914 Turner Crossroad
West Nataliefurt, VI 87887",Y,hours
648,Jill Perez,713-04-3279,"509 Lopez Spring Suite 942
West Scott, CA 35330",N,hours
649,Valerie Gonzalez,267-51-9475,"5317 Luis Courts
East Gabriel, AR 51409",Y,hours
650,Todd Scott,209-60-5769,"6924 Breanna Canyon
Port Alyssatown, VT 18197",Y,miles
651,Wendy Carlson,084-52-4146,"4445 Sullivan Islands Suite 996
East Betty, IA 64756",Y,hours
652,Scott Wagner,762-93-1383,"5423 Jason Valley Apt. 600
South Megan, WA 64542",Y,miles
653,David Johnson,461-91-0748,"8180 Rose Shoal Suite 662
Powellview, MO 78313",N,miles
654,Cody Spencer,359-42-1553,"549 Daniel Court Suite 750
North Cameronborough, AL 83878",N,miles
655,Katie Miller,708-65-3649,"455 Anita Track
Williamsborough, OH 61095",Y,miles
656,Darin Page,138-62-6661,"738 Castro Ridge Apt. 784
Port Davidport, MA 26198",N,hours
657,Dylan Wilcox,307-26-1373,"376 Lewis Court
Serranochester, IL 66227",Y,hours
658,Gregory George,728-91-5530,"8228 Jeremy Overpass Apt. 104
Port Brettburgh, MP 38334",N,hours
659,Nancy Gill,756-05-8284,"60587 Miller Light Suite 087
Amyton, AK 40791",N,miles
660,Crystal Page,480-87-0611,"779 Anderson Locks
East Elizabeth, PW 01117",N,miles
661,William Lee,263-76-6322,"5059 Lee Isle
Sanchezfort, MO 67836",Y,hours
662,Christopher Carrillo,359-89-0030,"83955 Alex Circle Suite 645
Briannaview, AK 69919",Y,hours
663,Helen Wagner,113-29-9515,"8030 Howard Bypass Apt. 613
Jennifershire, IL 11053",N,miles
664,Karen Bell,619-34-6552,"1946 Elizabeth Roads Suite 074
New Ronald, MO 43080",Y,miles
665,Connor Baker,650-79-9968,"527 Rebecca Motorway
Lake Jennifer, CO 36645",N,hours
666,Kimberly Barber,801-12-4276,"73195 Gilmore Via
Jasonfurt, MN 50380",Y,hours
667,Matthew Chandler,394-86-2151,"6571 Zachary Junction Suite 525
Stevenborough, SC 05671",Y,miles
668,Mr. Patrick Lopez,245-27-0851,"13391 Darrell Turnpike Apt. 472
East Dylan, NM 51678",Y,miles
669,Timothy Kennedy,391-92-0183,"96356 Curtis Station
North Cynthiafort, DC 95543",N,hours
670,Linda White,583-24-0628,"3534 Robinson Highway
Mccartyborough, MT 39305",N,hours
671,Jessica Wallace,230-75-3956,"819 Johnston Plains
Larrymouth, CA 37811",Y,hours
672,Kyle Olson,463-45-7882,"08310 Lisa Park Apt. 375
Royside, MO 40913",N,hours
673,Danielle Campbell,588-75-4849,"87493 Mitchell Divide Suite 210
Ashleyville, KS 92584",Y,hours
674,Terri Mcdowell,040-38-2274,"09497 Monique Street
East Arianaville, KY 26890",Y,miles
675,Sarah Hall,236-98-4521,"PSC 3897, Box 4636
APO AP 52181",Y,hours
676,Anthony White,237-61-7019,"8862 Farrell Gardens
Fishershire, MO 87819",N,hours
677,Adriana Tucker,614-88-7753,"774 Salazar Plaza Apt. 492
Lake Chadburgh, GU 73078",Y,hours
678,Sandra Williams,668-55-1875,"96386 Bradley Burg Suite 667
Johnstad, FM 57434",N,miles
679,Rebecca Campos,586-05-1334,"6237 Arthur Meadow Suite 897
New Stephanie, NC 08834",N,hours
680,Connie Becker,163-50-9483,"595 Shawn Underpass Suite 145
South Angelicahaven, FM 76017",Y,hours
681,Christopher Preston,385-60-9039,"234 Jacob Isle
Jonestown, AS 85638",N,miles
682,Austin Sanchez,674-75-4693,"28924 Huang Parks Suite 524
West Kathleen, NC 85799",Y,hours
683,Sandra Campos,737-96-2295,"USS Terry
FPO AA 40557",Y,hours
684,Linda Hernandez,668-18-1128,"5303 Cody Walks
East Katherinemouth, GA 86929",N,hours
685,Stacey Henderson,789-63-6832,"8257 Davis Hollow Apt. 642
Taylorport, WA 79437",Y,miles
686,Kimberly Patterson,124-71-7978,"32881 Jones Curve
Sarahton, MN 15401",N,hours
687,Kathleen Rogers,290-13-7589,"328 Julia Point Apt. 587
Jessicamouth, GA 91551",N,hours
688,Zachary Williams,656-11-9333,"7928 Mclaughlin Motorway Apt. 833
Maryborough, RI 58316",N,hours
689,Isaac Bright,602-05-6499,"580 Carl Dam Apt. 401
New Nicholas, LA 09214",Y,hours
690,Daniel Bailey DDS,332-15-5767,"13682 Julia Mall
Sarahside, KS 01015",Y,miles
691,Sherry Johnson,708-13-6378,"5158 Jonathan Passage Apt. 388
East Howard, VI 74071",N,hours
692,Molly Sanders,275-32-0966,"5920 Hill Mount
Evansbury, VA 23056",Y,hours
693,Louis James,703-47-3723,"859 Morris Harbors
Lake Jay, PA 04228",N,miles
694,Monica Mckenzie,140-30-5623,"985 Cruz Streets
Lake Krystalport, FL 00923",N,hours
695,Julie Adams,033-42-9898,"8755 Dustin Brook Suite 474
Christinetown, IA 84293",N,miles
696,Kayla Holder,676-21-8647,"Unit 3210 Box 5028
DPO AE 88707",Y,miles
697,Zoe Beard,896-34-3380,"51771 Megan Extensions Apt. 717
New James, DC 80521",Y,hours
698,Kimberly Manning,129-56-7482,"92809 Sarah Fords Apt. 847
Bowershaven, GA 63176",N,hours
699,Jessica Garza,011-62-5145,"9901 Bryan Rue Apt. 401
West Tinaburgh, HI 64745",N,miles
700,Mr. Timothy Bennett,105-85-4966,"56501 James Spurs Apt. 517
Wileyborough, CT 21818",Y,miles
701,James Hampton,853-86-4608,"895 Billy Village
Lake Mallorychester, NC 80789",N,miles
702,Robin Ryan,862-74-2121,"08536 Nichols Land Suite 564
Laurenberg, CA 71078",Y,hours
703,Alexander Wilkinson,168-21-4849,"6413 White Way Suite 710
Lake Haley, IA 72721",N,hours
704,Edwin Greene,104-14-2921,"2181 Norman Forest
Port Kristystad, CT 33747",N,hours
705,Charlene Johnson,804-55-2735,"44951 Richard Dale Apt. 438
West Kendra, MS 46099",Y,hours
706,Tamara Joyce,414-41-7617,"3734 Albert Ramp
Nicholsmouth, NC 48553",N,miles
707,Amy Dodson,149-19-9031,"0935 Boyd Shores
Clayport, CA 61181",Y,miles
708,Jeffrey Barrett,754-79-3284,"436 Williams Causeway
Dianaville, RI 69219",Y,miles
709,Mrs. Nancy Thompson,576-97-1520,"8025 Emily Ridges Apt. 280
Klineshire, PR 81805",Y,hours
710,Karen Knox,883-78-5019,"672 Scott Islands Suite 191
South Frank, AL 01851",N,miles
711,Mr. Mario Phelps DVM,799-64-5453,"1687 Allen Court Apt. 544
East Lindsayborough, TX 81081",Y,miles
712,Becky Sullivan,261-13-8705,"77933 Smith Parkway
North Kaylachester, SD 70073",Y,miles
713,Alison Green,122-42-1807,"0573 Wright Estate
West Jasonport, IN 82467",Y,miles
714,Lisa Coffey,456-83-8606,"0256 Reynolds Dale Suite 135
Jamieville, IN 60963",Y,miles
715,Ruben Kline,429-85-2876,"9532 Mays Summit Suite 377
Hardinhaven, SD 68937",Y,hours
716,Kim Young,253-20-9407,"3613 Carol Shoal
Port Robertville, OH 99842",N,hours
717,Pamela Ferguson,089-89-3733,"0863 Cox Fields
Morrisbury, NH 27499",N,hours
718,Angela Miller,249-85-0560,"6092 Jennifer Path
West Soniaberg, NC 75573",Y,miles
719,Jacob Cunningham,197-87-5979,"198 Hill Greens Apt. 901
Port Karenfurt, MI 04004",Y,miles
720,Matthew Salas,496-97-3945,"848 Jennifer Street
Lake Frederickhaven, OR 65085",Y,hours
721,Kathy Williams,795-71-6081,"759 Marvin Coves
Phamborough, IA 89101",N,hours
722,Lisa Hogan,899-20-3583,"4695 Caroline Springs Apt. 036
Paulview, PA 42328",Y,hours
723,Jeanette Miller,033-62-4980,"649 Linda Port Apt. 237
East Roberthaven, CT 74168",Y,hours
724,Ricky Sanders,146-72-7010,"1342 Wendy Union
Lake Xavier, CT 61471",N,hours
725,Amy Smith,469-56-7771,"551 Fox Camp
Port Michelletown, TN 34356",Y,miles
726,Jeffrey Bradley,141-82-3672,"6951 Rebecca Key
Melissashire, AS 65328",Y,hours
727,Carlos Clayton,861-66-8378,"650 Brandon Union Apt. 844
Olsonberg, VT 83220",Y,miles
728,Matthew Blackburn,131-11-5916,"3425 Ian Tunnel
South Madelinemouth, SD 34076",Y,hours
729,Mrs. Chloe Johnson,057-05-0402,"75894 Tim Rapid
South Lisatown, TN 60303",N,miles
730,Kristin Bennett,207-06-2188,"4176 Roberts Fork
Maryburgh, IN 56929",N,hours
731,Terry Lara,885-53-1872,"64331 Estes Port Suite 302
Kennethbury, PW 22251",Y,miles
732,Ryan Campos,145-87-8428,"3219 Lisa Stravenue
Andersonmouth, SD 82587",Y,miles
733,Michael Hall Jr.,813-04-5685,"7662 Dennis Ramp
New Charleston, WV 77182",N,miles
734,Jennifer Sims,501-24-1125,"14850 Ramirez Flats
Adamberg, MH 91746",Y,hours
735,William Hanna,460-42-4165,"8501 Kayla Lodge Suite 505
Taylormouth, OH 50734",N,hours
736,Mr. Christopher Bright,835-28-8775,"639 Cox Manor
East Alejandrotown, NE 64437",Y,hours
737,Kathy Mason,303-69-6403,"60815 Robert Shore Suite 440
Lake Nicoleland, MS 35437",Y,hours
738,Adam Silva,450-22-9982,"Unit 6562 Box 2221
DPO AP 68332",N,miles
739,Willie Rodriguez,041-18-5828,"5944 Pearson Causeway Apt. 510
South Davidton, GA 38771",Y,hours
740,Kathy Fitzpatrick,322-22-1484,"641 Francis Wall Apt. 904
North Tina, KS 56906",Y,hours
741,Dr. Ann Stewart,729-79-6972,"416 David Glens
Shawnmouth, FL 15316",Y,miles
742,Zachary Cooper,151-98-8952,"835 Michele Crossing Suite 364
Lewismouth, VT 03400",Y,miles
743,Michael Johnson,629-27-9912,"05671 Jimenez Ways Suite 883
South Ryanside, MP 67252",Y,hours
744,Kevin Garcia,687-67-3409,"Unit 8999 Box 3223
DPO AP 57164",Y,hours
745,Lance Jones,881-57-3134,"0298 Douglas Oval
Emilyport, ND 65191",N,hours
746,Connie Webb,175-26-1537,"Unit 0495 Box 5811
DPO AA 85646",Y,miles
747,Jason Hawkins,733-78-8789,"25580 Wu Turnpike
Jeremychester, NH 22571",N,hours
748,Jennifer Hill,541-30-3294,"191 Santiago Parkway
Michelleshire, OH 51271",Y,miles
749,Dana Hall,107-12-3460,"253 Macias Trail
North Michael, MA 54157",Y,miles
750,Carolyn Garcia,396-35-3418,"PSC 3088, Box 8761
APO AA 84133",N,miles
751,Johnathan Mathis,120-88-7026,"65800 Reed Roads Suite 915
South Elizabeth, MN 22847",Y,hours
752,Anna Tran,637-13-6919,"25132 Hall Knoll
Watkinsside, MD 27259",N,miles
753,John Pennington,736-66-7430,"07578 Barber Plain Suite 156
New Annaport, NC 43038",N,miles
754,April Ward,734-03-8857,"806 Rachael Island Suite 834
East Sergiofurt, LA 57172",Y,miles
755,Joyce Taylor,591-06-2191,"15826 Julie Plaza
Stoneland, AK 69123",Y,hours
756,Stephen Welch,634-47-1396,"3104 Miles Loaf Suite 017
Myersshire, NY 69541",Y,hours
757,Philip Dixon,478-79-2012,"98025 Waters Pass
New Mollyhaven, FL 80171",N,miles
758,Lisa Wood,588-60-8657,"Unit 8769 Box 0137
DPO AP 22718",Y,hours
759,Donald Carter,536-91-8590,"575 Burton Hill Apt. 315
Wangbury, CT 94443",Y,hours
760,Jeffrey Henderson,031-73-6236,"1503 Holly Valley Apt. 436
South Richardfort, MO 79551",Y,miles
761,Anthony Greer,521-09-0595,"PSC 2055, Box 1973
APO AE 08859",Y,miles
762,Aaron Frye,044-05-3479,"Unit 3270 Box 3200
DPO AA 43254",Y,hours
763,Christopher Quinn,543-15-5454,"7804 Foster Square Suite 524
Georgeborough, FM 55444",N,miles
764,Karen Blake,054-98-5808,"88549 Ryan Fall Apt. 941
Christophermouth, DE 30699",Y,miles
765,Lori Quinn,212-35-5750,"21429 Xavier Passage
New Christophermouth, MN 19042",Y,hours
766,Dennis Smith,249-83-4726,"PSC 6800, Box 9314
APO AE 32467",Y,miles
767,Jennifer Fritz,769-87-5782,"429 Nelson Island Apt. 971
North Melissa, GU 99941",Y,hours
768,Claudia Shaffer,772-14-1021,"54928 Howard Mill Apt. 771
Bryanview, MT 65992",Y,miles
769,Jessica Parker,468-51-0062,"50542 Lindsey Hollow Apt. 345
West Melissa, WY 42856",Y,hours
770,Kristin Williams,317-67-3759,"0960 Yoder Shores
Allentown, MS 11469",Y,miles
771,Gregory Pierce,355-15-4596,"Unit 8425 Box 4077
DPO AA 31686",N,hours
772,Shannon Garcia,072-86-8866,"094 Rowe Groves Suite 103
Lake Jamesside, AR 07118",Y,hours
773,Stephanie Ward,497-81-7114,"93527 Maureen Square Apt. 124
Heatherstad, KS 19075",N,miles
774,Chad Evans,723-06-5130,"56112 Regina Ridge
East Edwin, MP 85056",Y,miles
775,Janet Williams,001-25-8947,"0525 Rhonda Points Suite 621
East Timothyside, FL 88421",N,miles
776,Kim Obrien DDS,551-25-0795,"59009 Johnson Pines
South Harold, WY 01663",Y,hours
777,Scott Mccann,017-07-2319,"2287 Shirley Walk Apt. 882
South Jessicaton, CO 51960",Y,miles
778,Benjamin Gallagher,592-15-0856,"7779 Joshua Loaf
New Marthaville, MA 22411",Y,hours
779,Jacqueline Paul,473-69-0256,"587 Love Mountains Suite 867
Williamsside, MH 19960",Y,miles
780,Kristina Hall,255-88-8178,"48001 Aaron Island Suite 031
Port Jessica, MH 01629",Y,hours
781,Jonathan Bell,741-25-6956,"22655 John View
Anthonystad, WY 56063",N,miles
782,Angela Huffman,784-03-3906,"5056 Rose Ranch
West Patricia, MP 61484",N,hours
783,Charles Harris,707-60-1110,"37728 Scott Centers
Georgestad, MN 42931",Y,hours
784,Michael Parker Jr.,025-39-3684,"Unit 6968 Box 9172
DPO AA 89667",N,miles
785,Angela Young,806-85-9243,"32214 David Lights
Craigmouth, NY 54902",Y,miles
786,Jacob Copeland,301-35-0839,"7209 Simmons Ford Apt. 828
Baileybury, AK 35859",Y,miles
787,Steve Blackburn,462-81-2352,"62399 Claudia Spurs Apt. 136
East Michaelhaven, OK 90524",Y,miles
788,Joseph Harrison,103-03-0466,"43065 Christopher Vista Suite 103
Boydstad, CT 26602",Y,hours
789,Danielle Paul,667-79-4917,"61884 Cook Mill Suite 257
Port Dannyville, ID 20200",N,hours
790,April Mason,298-22-9589,"5304 Ward Place
North Christopherside, FL 84539",Y,miles
791,Brandon Jensen,011-02-5218,"339 Erica Prairie
West Jason, VA 26840",N,hours
792,Samantha Cline,277-09-8366,"951 Guzman Bypass Suite 376
North Michael, SC 36325",Y,miles
793,Shannon Abbott,144-80-9156,"USCGC Morrison
FPO AE 01474",N,hours
794,Carrie Garcia,810-32-1810,"502 Michael Stream
North Barbara, VT 45298",Y,miles
795,Max Pruitt,214-11-7451,"96558 Rivera Underpass Suite 407
Daniellemouth, SC 34097",Y,miles
796,Kathleen Gutierrez,801-37-8321,"15032 Jennifer Passage Suite 417
West Melissa, TX 28771",Y,miles
797,Ms. Nicole Moore,192-81-7108,"4404 Heath Neck
Port Larry, MD 47943",N,miles
798,Kara Barnes,160-96-7883,"62267 Julie Mountains
Lake Bryan, WI 59741",Y,hours
799,James Gordon,756-27-8666,"0277 Jacobson Mill Apt. 037
Mcdonaldshire, GU 45081",Y,miles
800,Anna York,722-46-8023,"482 Dunn Stravenue Suite 030
Kylebury, MT 31869",N,hours
801,Lisa Merritt,845-14-8095,"3633 Montoya Course
Port Courtney, MS 44608",N,hours
802,Dana Mcmillan,263-96-2814,"0233 Mark Lights Suite 130
East Brianna, RI 64182",Y,hours
803,Natasha Ramirez,246-46-2717,"134 Robert Lodge Suite 683
East Amandamouth, NV 78599",Y,hours
804,Michael Stevens,424-12-7495,"43009 Randall Well Apt. 530
Kristopherberg, PR 77804",N,hours
805,Christopher Morgan,814-36-3402,"4609 Colon Run Apt. 790
East Johnmouth, CT 44775",N,miles
806,Michelle Powell,301-81-9925,"2235 Jeffrey Walks Suite 301
Port Angela, AK 10728",N,miles
807,Jennifer Byrd,873-51-9472,"483 Michelle Via Apt. 995
West Stephen, GU 97484",Y,hours
808,John Smith,204-75-9665,"59853 Douglas Ranch
West Jenniferland, IN 41424",Y,miles
809,Jasmine Noble,248-94-1263,"24843 Bishop Walks
Port Laura, TN 29740",Y,miles
810,Donna Brown,600-69-5857,"6078 Young Rest Apt. 063
West Ashley, OK 27252",Y,hours
811,Jacqueline Edwards,792-31-1856,"35415 Michael Terrace
Lake Ericfort, WI 97696",Y,hours
812,Aaron Peters,471-40-1164,"011 Christine Mountains
Stephanieborough, WV 12555",Y,hours
813,Kristina Jackson,821-39-1117,"2479 Hawkins Points Apt. 199
Port Anthony, AZ 88275",Y,hours
814,Daniel Duke,060-60-1844,"91006 Walters Ramp
Danielbury, KS 04688",Y,miles
815,Sharon Boone,032-95-6231,"215 Sean Extensions Apt. 906
Maxwellville, UT 17598",Y,hours
816,Kathy Mason,024-42-0689,"1592 Aaron Union Apt. 872
Smithshire, AZ 52706",Y,hours
817,Amanda Dean,269-32-1786,"585 Hansen Valleys Apt. 460
Veronicachester, MS 27827",Y,miles
818,Angelica Price,692-42-4869,"28645 Kemp Mall Apt. 661
Jonesshire, IN 18781",Y,hours
819,Devin Richardson,762-40-2201,"50063 Nolan Lane
Lake Nancy, AZ 14600",N,hours
820,Vincent Robbins,061-34-7679,"461 Osborn Course Apt. 176
Bradleychester, NH 58868",Y,miles
821,Victoria Bates,387-55-0853,"6629 Mark Green
East Markburgh, DE 87927",N,miles
822,Melanie Maddox,552-67-4870,"54186 Sophia Circle
Port Amberburgh, ND 09386",N,hours
823,David Barber,276-10-8934,"38471 Kathleen Ville
New Davidton, IN 96921",N,hours
824,Luke Rivera,835-34-0510,"466 Reyes Vista
North Charleston, WA 41485",Y,miles
825,Michael Jackson,180-41-5680,"78807 Lopez Villages
West Bridgetburgh, WY 87481",Y,miles
826,Teresa Wilson,195-34-6407,"PSC 1244, Box 8031
APO AA 28778",N,hours
827,Carrie Savage,332-88-7613,"71874 Romero Run
Port Haley, MS 91854",Y,hours
828,Scott Webster,310-62-8121,"Unit 5988 Box 8304
DPO AA 95248",Y,hours
829,Darryl Heath,289-49-2523,"24089 Weeks Centers
South Eric, NY 17054",N,miles
830,Daniel Carter,106-82-4947,"0256 Riley Flats
Elizabethfurt, IL 90651",Y,hours
831,Darrell Mcintosh,523-78-0560,"54534 Michael Summit
Tiffanyside, FM 02851",Y,hours
832,Kim West,531-63-4228,"713 Hogan Springs
Port Wayneburgh, AS 00841",Y,miles
833,Olivia Flores,513-62-5478,"3618 Maureen Ville Suite 125
Port Maryton, AS 15500",Y,miles
834,Martin Calhoun,295-81-6204,"174 Ryan Corners
Port Jason, ID 29757",N,miles
835,Claudia Hayes,654-63-0643,"215 Kimberly Ports Apt. 133
South Wanda, PR 05230",Y,miles
836,Heather Scott,764-51-9518,"9138 Mcclure Plaza
East Toni, IL 27349",Y,miles
837,John Stewart,200-36-8286,"343 Robert Corner Suite 772
Ryantown, AZ 31514",Y,miles
838,Nicholas Burke,559-24-6997,"PSC 7727, Box 9035
APO AA 57273",N,miles
839,Paul Jones,843-58-2264,"52631 Amber Prairie
Youngtown, LA 86158",N,hours
840,Alexandra Salinas,055-40-1322,"USS Hodge
FPO AE 73971",N,miles
841,Daisy Williams,684-40-2701,"673 Kimberly Pines Suite 039
Myersside, CA 92535",N,hours
842,Ronald Reyes,663-48-5028,"96375 Kathryn Radial
Teresashire, GU 41168",Y,hours
843,Guy Bryant,670-19-1950,"3711 Grant Junctions
North Barbara, HI 83799",Y,hours
844,Whitney Johnson,072-30-6237,"9886 Gregory Club
Barnestown, NE 73410",N,miles
845,Michele Kramer,028-07-6243,"2344 Scott Burg
East Katherineton, NV 71180",Y,hours
846,Brittney Delgado,498-03-3345,"376 Jensen Mill Apt. 163
South Anne, UT 39814",N,miles
847,Charles Owens,381-15-6303,"8116 Wang Tunnel
Vanessahaven, OK 74532",N,hours
848,Joseph Jones,060-40-2689,"3206 Douglas Inlet
Colemanton, IA 79669",Y,hours
849,Megan Jones,748-47-3775,"0764 Clark Grove
East Davidmouth, OK 35465",Y,hours
850,Bradley Williams,567-20-9299,"26814 Potter Isle Apt. 933
Taylorbury, CO 79140",N,hours
851,Ashley Thomas,070-19-7685,"5644 Phelps Drives
Josephton, PR 43444",Y,hours
852,Amanda Pollard,600-13-1732,"PSC 3423, Box 5813
APO AA 79588",N,hours
853,Valerie Alexander,470-51-7265,"84382 Alexander Parkways
Davidhaven, VT 03021",N,miles
854,Christopher Alvarez,570-05-1257,"04591 Katie Meadows Apt. 274
Brianburgh, MD 14792",N,miles
855,Patricia Anderson,208-32-7239,"34836 Jacqueline Ridges
East Sara, MS 68797",Y,hours
856,Lindsey Johnson,586-60-1872,"96867 Williams Rest Suite 488
North Adam, MH 91196",Y,miles
857,Melinda Morales,038-67-0048,"42578 Kevin View Suite 824
Harveyside, GU 01629",N,miles
858,Stephanie Rodgers,841-49-8335,"67371 Timothy Fields Suite 454
New Marvinport, DE 22735",N,hours
859,Jason Thornton,889-62-7053,"59720 Aaron Fords Suite 781
North Michaelport, SD 31883",Y,miles
860,Janice Harrison,085-28-4467,"USS Li
FPO AP 92773",N,hours
861,James Sullivan,256-75-8847,"014 Jake Villages Apt. 262
Lake Mitchellburgh, MT 19663",N,miles
862,Troy Ballard,824-75-9406,"1751 Hill Bypass
Hallchester, CO 97564",N,miles
863,Robert Clarke,403-94-6679,"539 Mark Rest Apt. 771
Jennifertown, PW 61132",Y,miles
864,Timothy Wang,719-69-7432,"7631 Jenna Dale
Richardmouth, SD 26684",Y,miles
865,Christopher Jones,850-05-5883,"0415 Caitlin Rapids
East Tylerfort, DE 73995",Y,hours
866,Dr. Lisa Casey,780-17-8156,"06253 Lane Centers
Herreraborough, ID 24988",N,hours
867,Anthony Green,212-13-2344,"USNS Coleman
FPO AE 54764",N,hours
868,Dillon Jones,741-21-8212,"51022 Newton Cove Suite 458
North Gabrielborough, AK 21077",Y,miles
869,Destiny Gray,007-48-0235,"651 Adams Route
Thompsonshire, PW 21495",N,hours
870,Kristy Pratt,426-27-8089,"150 Sonya Route
Jessicaville, SC 57982",N,miles
871,Brooke Hernandez,389-62-8529,"63005 Valencia Estate Suite 579
Port Samantha, MT 22149",Y,miles
872,Alyssa Nelson MD,785-59-2567,"1148 Cynthia Glen Suite 416
Lewismouth, NM 69638",N,miles
873,Christine Wiggins MD,352-85-4649,"671 Donald Station Suite 751
West Elizabethtown, HI 48671",N,miles
874,Jessica Cantu,322-02-5176,"608 Jones Crossroad
Barbarabury, KS 73031",Y,miles
875,Dr. Shannon Poole DVM,576-54-7777,"9743 Stewart Landing Suite 838
East Stacey, MD 65420",N,hours
876,Brittany Gonzales DVM,321-09-7564,"00639 Small Walks Apt. 158
East Jared, ND 67768",N,hours
877,Kendra Ortiz,273-96-0166,"15115 Morris Passage Suite 186
Lake Katherine, PA 62101",N,miles
878,Laura Roberts,650-58-2375,"0913 Thomas Parkways Apt. 063
Scottshire, DE 11804",N,miles
879,Dawn Lopez,591-09-0341,"9778 Elizabeth Points
Sheilatown, MA 55646",Y,miles
880,Vicki Mcguire,609-33-8884,"5573 Tiffany Valleys
Port Johnton, TN 50670",N,hours
881,Joseph Jenkins,733-51-6711,"86254 Jackson Village
Port Yolandastad, VT 05826",N,hours
882,Maria Mccoy,338-77-5792,"2070 Kim Court Apt. 223
New Dylan, IA 94252",Y,miles
883,Kevin Zuniga,407-18-3627,"218 Gabriel Lodge Apt. 671
Sanchezchester, CO 09186",Y,miles
884,Melissa Jones,688-25-9445,"400 Joshua Stream Apt. 672
Harrisonborough, MI 30646",Y,hours
885,Robert Ellis,559-85-1699,"96967 James Forest Apt. 512
Port Williammouth, MI 51389",Y,miles
886,Edward Rhodes,721-67-4430,"PSC 7987, Box 6075
APO AP 69790",N,hours
887,Denise Harris,355-28-8691,"923 Howard Hill Suite 838
Reidland, MP 29544",Y,hours
888,Kimberly Barnett,508-92-2884,"612 William Lights Apt. 887
Heatherchester, NJ 17334",Y,hours
889,Whitney Robinson,542-34-3349,"969 Kim Passage Suite 679
Melanieshire, TN 13880",Y,hours
890,Diana Owens,837-24-2265,"428 Cathy Glen
Timothyport, IN 69086",N,miles
891,Nicholas Poole,475-83-7559,"777 Austin Terrace Suite 889
New Allen, MD 76606",N,hours
892,Nicole Gonzalez,778-87-2621,"8121 Bennett Track Apt. 689
Davidborough, ME 67027",N,hours
893,Joseph Smith,389-25-3060,"32735 Williams Prairie Suite 073
Michaelview, VI 26599",N,miles
894,Stephanie Waller,205-80-5581,"83988 Jean Mission Suite 191
New Adrienne, TX 06472",Y,miles
895,Jesse Miller,251-67-8563,"2393 Thompson Views Apt. 997
Lake Joseph, AR 28635",N,miles
896,Scott Peters,831-93-6680,"98175 Evans Forks Suite 322
South Michael, WV 95338",Y,miles
897,Laura Nelson,112-87-5358,"6292 Christopher Spur
East Davidview, TN 58186",N,hours
898,Patricia Spencer DDS,559-14-5223,"03932 Estes Islands
North Charlesfort, IA 21988",Y,hours
899,Dylan Adams,516-88-7070,"02991 Derrick Creek
New Jeanne, KS 55495",Y,hours
900,Michele Martinez,767-82-3383,"1864 Katherine Prairie
Rubiochester, PA 39941",N,hours
901,Kaitlyn Riley,326-87-0423,"28908 Espinoza Via Suite 968
West Bradleyton, ND 33854",Y,miles
902,Alexandria Hall,761-58-7778,"602 Ryan Glen Suite 439
Marcfurt, MD 44859",Y,hours
903,Melissa Callahan,838-31-0106,"340 Clark Trail Apt. 116
East Lisashire, MH 94077",Y,hours
904,Kevin Woodard,162-29-2702,"7686 Richard Greens
North Jason, WV 40603",N,hours
905,Rebecca Taylor,174-78-3595,"562 Michael Street
West Blake, ME 05756",Y,hours
906,Jake Kelly DDS,668-69-2664,"8349 Mary Spur Suite 476
Timothyville, NH 40725",N,hours
907,Lauren Garcia,457-49-2846,"06827 Chad Knolls
Port Paulfort, TX 64330",N,hours
908,Jeffrey Coleman,529-26-5101,"5498 Butler Knoll
New Julie, NM 56765",N,miles
909,Christopher Patton,750-77-3022,"41173 Jennifer Point
Mcdowellchester, HI 11765",Y,hours
910,Stephen Ross,313-41-0540,"4233 Kayla Dam Suite 717
New Peter, ID 86912",Y,hours
911,Morgan Howe,557-08-0717,"000 Sanchez Mountain Apt. 854
Rachelview, MH 91255",Y,miles
912,Robin Collier,487-40-0987,"5662 Sara Turnpike Suite 676
Port Michelleburgh, OR 04385",N,miles
913,Lisa Galvan,621-95-9981,"25566 Costa Falls Apt. 255
West Frankstad, VI 73417",Y,miles
914,Kenneth Costa,763-19-1521,"18375 Robert Glen Suite 745
Deniseside, AS 15567",N,hours
915,Patrick Johnson,547-37-3907,"60104 Wilson Coves
Port Danielmouth, IA 52563",N,hours
916,Jennifer Lewis,846-95-9772,"388 Danny Coves
Brandonbury, KY 95939",N,miles
917,Eric Phillips,637-93-2473,"46536 Roth Highway
West John, AS 94402",N,hours
918,Jeanette Harris,441-90-6520,"PSC 0145, Box 1216
APO AA 50935",N,hours
919,Laura Hernandez,487-25-2433,"3419 Matthew Flats
Mcgeeborough, MN 38129",Y,hours
920,Brittany Guerrero,785-90-6346,"3984 Patricia Lakes Suite 429
Fowlerberg, KS 82684",N,miles
921,Jeremiah Patel,332-71-7560,"249 Martinez Path Suite 494
Popeshire, GU 02406",N,hours
922,Tara Estrada,774-97-9143,"79031 Jay Ville
Kimberlymouth, WI 09555",Y,miles
923,Kelsey Reed,193-90-5283,"766 Bonnie Way
Stricklandmouth, OR 07500",N,hours
924,Dylan Turner,377-19-5501,"6614 Hubbard Lodge
South Christopherstad, NJ 25784",Y,hours
925,Gerald Hood,320-09-6056,"145 Johnny Green
Port Melissa, IA 64069",Y,miles
926,Lisa Warren,124-50-5490,"PSC 6078, Box 8168
APO AE 74278",N,miles
927,Lisa Smith,717-96-1243,"763 Simon Hill Suite 901
West Amanda, WV 93221",Y,hours
928,Jessica Howard,315-74-2562,"852 Johnson Underpass
Boydchester, DE 90564",Y,hours
929,Matthew Edwards,369-86-6342,"246 Keller Canyon
North Jennyville, NY 88412",N,miles
930,Nancy Frederick,741-96-3818,"402 Stone Prairie Suite 087
Reginaborough, IN 92081",Y,miles
931,Barbara Washington,852-52-2492,"04784 Stephanie Fork Suite 941
East Christopher, IL 28192",N,hours
932,Rachel Oliver,659-94-2830,"83031 Jackson Station Apt. 394
New Charles, VA 51725",Y,hours
933,Kristopher Hunter,692-73-3097,"2210 Susan Stravenue Apt. 491
Gomezmouth, IA 82681",Y,miles
934,Paul Phillips,274-13-8175,"781 Richardson Walks
Heathermouth, NH 80993",N,hours
935,Zachary Chen,731-50-5611,"7477 Whitaker Camp Suite 214
Donaldshire, PW 08849",N,hours
936,Kevin Richardson,539-87-5475,"94917 Amanda Mission Suite 581
Herreratown, AS 37615",N,hours
937,Ana Perkins,077-25-9674,"06559 Connor Route Apt. 328
East Veronica, ND 65216",N,hours
938,Matthew Garner,766-44-1103,"4455 Kevin Valley Apt. 877
West Chad, LA 99571",Y,hours
939,Christopher Lawson,132-10-2930,"59326 Glass Mount
Ruizport, AK 10421",N,hours
940,Samuel Moore,725-02-9669,"31688 Murphy Stravenue Apt. 189
Lake Michael, CT 09250",Y,hours
941,Christopher Hayes,827-82-9195,"56033 Strong Glen
East Tina, WI 38998",N,miles
942,Alexandra Baker,883-29-1753,"Unit 2433 Box 7969
DPO AE 27098",Y,miles
943,Michael Lopez,229-48-9188,"70706 Christine Village
South Tiffany, DE 03714",Y,miles
944,Jessica Lucas,527-91-7180,"6772 Brown Oval Suite 824
New Tracyburgh, AR 49912",Y,hours
945,Robin Bishop,100-16-9280,"046 Jackson Mount Apt. 447
Johnsonstad, IA 54532",Y,miles
946,Denise Wilson,730-23-6979,"4631 Farmer Vista
New Cassandrabury, ND 14320",Y,miles
947,Theresa Williams,299-72-8967,"6864 Jackson Avenue Apt. 999
Nicholasfurt, KS 93695",Y,hours
948,Ashley Silva,541-60-7943,"20532 Antonio Curve Apt. 611
Thomastown, FL 80939",N,miles
949,Anna Bright,431-11-5016,"815 Bryan Union Suite 606
West Whitney, OR 63398",N,miles
950,Alexandria Marks,206-44-4465,"07778 Perez Forge
South Carla, AR 30075",Y,miles
951,Kimberly Jackson,569-41-5162,"82626 Bradley Court
Port Bruce, MO 99319",Y,hours
952,Deborah Larsen,809-43-6031,"823 Anthony Inlet
Brooketown, IN 29044",N,hours
953,Jennifer Monroe,537-45-5241,"85014 Jones Extension
Coxview, NH 05611",N,hours
954,John Robertson,335-40-7706,"001 Christopher Island Suite 806
Sandovalbury, WI 56998",N,miles
955,Levi Clarke,246-49-2557,"1642 Fernandez Lakes Suite 347
West Tinaburgh, MD 39593",Y,hours
956,Shane Watson,435-99-5203,"56296 Valentine Road
Christopherview, SC 03246",Y,hours
957,Pedro Fernandez,217-31-8329,"673 Romero Grove
New Shawnland, ID 53726",N,miles
958,Nathan Pratt,712-28-3089,"67332 Sharon Forge Apt. 619
Ochoaburgh, MN 97833",N,hours
959,Jennifer Townsend,284-70-2436,"650 Bernard Heights
South Katelynhaven, VT 37030",N,hours
960,Brandon Castillo,780-72-6955,"2695 Turner Pike
East Trevor, NE 86060",Y,miles
961,Taylor Rodriguez,398-48-8121,"045 Dunn Streets
Maldonadochester, CA 67990",N,miles
962,James Mcintyre,147-99-5265,"505 Hunter Lodge Suite 771
Lake Melissa, VI 87893",N,hours
963,Kristine Ayers,177-42-8538,"231 Williams Ways
Kristyburgh, AS 17278",N,hours
964,David Mitchell DVM,596-02-5726,"56916 Deborah Trace
West Jefferystad, PR 07271",N,miles
965,Tommy Parker,286-01-2732,"56544 Jones Burgs Apt. 357
Port Christopher, MN 90163",N,miles
966,Dale Harris,351-53-3069,"9800 Lisa Crest
Hollandfort, IL 66403",N,hours
967,Miranda Hanson,726-20-8551,"956 Tiffany Land Suite 452
Port Frank, MI 93715",N,miles
968,Russell Shaw,817-87-6761,"53239 Ali Locks
East Jamesborough, FL 22540",N,miles
969,Elizabeth Shields,337-10-9050,"2300 Fisher Meadow
Micheleville, VT 50936",N,miles
970,Mr. George Miller DDS,255-75-3310,"44557 Lauren Forges Apt. 879
Jaimemouth, NH 02905",Y,miles
971,Jordan Payne,064-60-1790,"95712 Christopher Corner Suite 613
Port Alexton, GU 46898",Y,hours
972,Dwayne Bonilla,148-05-2442,"924 Patel Parks Suite 931
Lake Kelly, KS 55910",Y,miles
973,Alicia Moreno,791-51-0653,"1911 Martinez Avenue Apt. 967
Lake Megan, MA 63970",Y,hours
974,Carmen Mejia,066-55-2240,"9176 Robert Dale
Gilberthaven, PR 32637",N,hours
975,Briana Johnson,180-12-4157,"5887 Kerri Port Apt. 790
Robertville, MA 64741",Y,miles
976,Kenneth Fowler,133-61-9712,"26241 Jacqueline Mountain Suite 301
Joshuaton, SD 44498",N,hours
977,Kathleen Smith,024-72-2978,"66388 Garcia Tunnel Suite 678
Kristimouth, AL 32929",N,hours
978,Bradley Golden,299-93-8543,"0855 Jensen Road
Cooperbury, NM 41047",N,miles
979,Charles Ferguson,025-70-3771,"2580 Wise Course
East Sheila, NY 34180",N,hours
980,Tracy Dixon,157-91-7008,"45771 Cindy Station Apt. 631
Port Michael, IA 14815",N,hours
981,Dominique Vega,554-23-9526,"4144 Fernandez Flat
Mitchellville, WI 74346",Y,miles
982,Debra Robertson,416-40-3436,"359 Collins Cove
North Johnport, SC 44358",N,miles
983,Jeffrey Miller,504-70-9022,"PSC 0131, Box 8509
APO AE 17856",N,hours
984,Lori Jacobs,513-14-5149,"79412 John Heights Suite 639
East Mark, CT 52604",N,miles
985,Brian Summers,316-63-7750,"9059 Samuel Green
Lake Amber, UT 82651",N,miles
986,Erin Burton,228-61-5572,"58596 Freeman Shores
Andradeshire, WA 18816",Y,miles
987,Bruce English,035-67-2877,"57405 Charles Loop
West Aaron, VA 57777",Y,hours
988,Miss Brandy Bennett,441-45-8424,"050 Gregory Underpass Apt. 145
Lake Joseph, VT 29264",Y,hours
989,Heather Young,128-37-5297,"753 Garner Flat
New Paulfurt, DE 82048",Y,miles
990,Courtney Smith,374-69-7933,"773 Jennifer Shoal
Kellyborough, IN 24494",Y,miles
991,Noah Whitehead,228-32-6789,"713 Michael Summit Suite 364
Port Lorraineton, NE 43974",N,hours
992,Jessica Davis,550-48-9517,"933 Dunn Island
North Georgeport, OH 41481",Y,miles
993,Carmen Roberts,093-64-0007,"9738 Charles Landing Suite 546
South Lindaborough, HI 03770",Y,miles
994,Robert Spence,261-15-8631,"5576 Webster Road
Lake Robertburgh, LA 39531",N,miles
995,Nina Hall,279-99-6554,"01012 White Corners
Williammouth, MA 84029",N,miles
996,Teresa Mills,729-20-8553,"44476 Garza Isle Suite 395
New Daniel, MH 63089",N,miles
997,Charles Ruiz,799-39-4197,"8666 Olson Island Suite 272
New Kellieville, NJ 59133",N,miles
998,Robert Cook,119-95-4842,"56135 Roberta Hollow Apt. 574
Danielfurt, MS 02622",N,hours
999,Nathaniel Williams,153-15-8281,"6473 Vincent Courts
Perezfort, VT 66579",N,miles
1000,Jessica Bryant,501-94-7092,"953 Brown Cape Apt. 559
Carterstad, GU 79173",Y,hours
1001,Michael Austin,088-84-7012,"3789 Jones Radial Apt. 726
Lake Aaronshire, GA 50255",Y,hours
1002,Laura Juarez,285-72-5366,"9880 Nancy Hollow Suite 193
Lake Kathleenton, IN 36888",Y,hours
1003,Lisa Morris,286-25-3534,"7914 Megan Center
Youngchester, CT 84843",N,hours
1004,Ryan Salazar,691-23-5931,"796 Christine Motorway Apt. 655
Stephaniechester, CA 75672",N,hours
1005,Donna Gamble,270-34-7988,"PSC 7782, Box 0939
APO AA 98746",Y,hours
1006,William Morris,369-71-4407,"3667 Daniel Station
Lindseyborough, SD 32577",N,hours
1007,Lauren Lee,803-90-7998,"7373 Green Fields Suite 078
North Michael, ID 39816",Y,hours
1008,Virginia Brooks,308-72-6809,"458 Cortez Alley
Markton, DC 60685",Y,miles
1009,Rebecca Moody,881-48-8258,"9028 Rojas Meadows Suite 900
East Joseph, AR 35799",N,hours
